DATA,SRAG,PNEUMONIA,INSUFICIENCIA RESPIRATORIA,SEPTICEMIA,AVC,CARDIOPATIA,CHOQUE CARDIOPATICO,AVC (COVID),INFARTO (COVID),INFARTO,SUBITA,INDETERMINADA,DEMAIS OBITOS,COVID19
2019-01-01,0.0,23.0,7.0,15.0,21.0,5.0,4.0,0.0,0.0,14.0,1.0,1.0,71.0,0.0
2019-01-02,0.0,25.0,5.0,31.0,13.0,5.0,5.0,0.0,0.0,12.0,2.0,1.0,80.0,0.0
2019-01-03,1.0,39.0,13.0,22.0,21.0,11.0,4.0,0.0,0.0,12.0,0.0,0.0,69.0,0.0
2019-01-04,0.0,20.0,12.0,29.0,16.0,5.0,3.0,0.0,0.0,21.0,0.0,0.0,61.0,0.0
2019-01-05,0.0,27.0,13.0,14.0,11.0,4.0,6.0,0.0,0.0,10.0,0.0,2.0,64.0,0.0
2019-01-06,0.0,19.0,7.0,24.0,22.0,4.0,3.0,0.0,0.0,11.0,1.0,1.0,56.0,0.0
2019-01-07,0.0,28.0,15.0,31.0,17.0,7.0,2.0,0.0,0.0,13.0,3.0,1.0,74.0,0.0
2019-01-08,0.0,19.0,4.0,26.0,18.0,4.0,7.0,0.0,0.0,13.0,0.0,0.0,72.0,0.0
2019-01-09,0.0,21.0,14.0,18.0,14.0,7.0,4.0,0.0,0.0,11.0,4.0,0.0,57.0,0.0
2019-01-10,0.0,20.0,11.0,25.0,20.0,5.0,5.0,0.0,0.0,17.0,1.0,1.0,73.0,0.0
2019-01-11,1.0,17.0,14.0,17.0,12.0,6.0,7.0,0.0,0.0,9.0,0.0,0.0,74.0,0.0
2019-01-12,1.0,18.0,12.0,22.0,19.0,7.0,4.0,0.0,0.0,8.0,2.0,1.0,63.0,0.0
2019-01-13,0.0,15.0,9.0,28.0,16.0,3.0,3.0,0.0,0.0,19.0,2.0,1.0,58.0,0.0
2019-01-14,0.0,27.0,15.0,27.0,19.0,6.0,8.0,0.0,0.0,18.0,0.0,3.0,74.0,0.0
2019-01-15,0.0,25.0,9.0,26.0,17.0,4.0,4.0,0.0,0.0,21.0,3.0,0.0,88.0,0.0
2019-01-16,0.0,21.0,11.0,23.0,14.0,4.0,5.0,0.0,0.0,9.0,2.0,1.0,71.0,0.0
2019-01-17,0.0,25.0,9.0,23.0,9.0,7.0,3.0,0.0,0.0,22.0,0.0,3.0,72.0,0.0
2019-01-18,0.0,21.0,7.0,14.0,13.0,3.0,7.0,0.0,0.0,18.0,3.0,0.0,70.0,0.0
2019-01-19,0.0,25.0,16.0,24.0,11.0,4.0,2.0,0.0,0.0,9.0,0.0,1.0,79.0,0.0
2019-01-20,0.0,29.0,7.0,26.0,16.0,7.0,3.0,0.0,0.0,12.0,4.0,0.0,64.0,0.0
2019-01-21,0.0,19.0,8.0,27.0,23.0,2.0,4.0,0.0,0.0,16.0,3.0,2.0,73.0,0.0
2019-01-22,0.0,23.0,12.0,17.0,6.0,5.0,6.0,0.0,0.0,15.0,0.0,1.0,66.0,0.0
2019-01-23,2.0,22.0,11.0,23.0,21.0,8.0,1.0,0.0,0.0,12.0,1.0,1.0,79.0,0.0
2019-01-24,0.0,17.0,13.0,23.0,16.0,7.0,6.0,0.0,0.0,13.0,3.0,2.0,78.0,0.0
2019-01-25,0.0,23.0,9.0,15.0,18.0,6.0,5.0,0.0,0.0,6.0,0.0,0.0,83.0,0.0
2019-01-26,0.0,13.0,12.0,21.0,17.0,3.0,5.0,0.0,0.0,9.0,2.0,1.0,75.0,0.0
2019-01-27,0.0,23.0,11.0,18.0,13.0,3.0,6.0,0.0,0.0,14.0,1.0,2.0,76.0,0.0
2019-01-28,0.0,19.0,11.0,26.0,16.0,3.0,7.0,0.0,0.0,15.0,0.0,0.0,63.0,0.0
2019-01-29,0.0,29.0,11.0,25.0,12.0,2.0,8.0,0.0,0.0,13.0,0.0,0.0,73.0,0.0
2019-01-30,0.0,28.0,7.0,28.0,18.0,3.0,9.0,0.0,0.0,11.0,0.0,0.0,69.0,0.0
2019-01-31,0.0,35.0,6.0,21.0,8.0,1.0,4.0,0.0,0.0,15.0,1.0,1.0,80.0,0.0
2019-02-01,0.0,34.0,20.0,17.0,18.0,7.0,0.0,0.0,0.0,16.0,2.0,2.0,58.0,0.0
2019-02-02,0.0,24.0,18.0,28.0,24.0,6.0,4.0,0.0,0.0,16.0,2.0,1.0,71.0,0.0
2019-02-03,0.0,36.0,9.0,25.0,28.0,6.0,3.0,0.0,0.0,15.0,1.0,1.0,69.0,0.0
2019-02-04,0.0,17.0,11.0,23.0,16.0,5.0,2.0,0.0,0.0,12.0,4.0,0.0,51.0,0.0
2019-02-05,0.0,20.0,10.0,16.0,15.0,2.0,5.0,0.0,0.0,18.0,0.0,0.0,57.0,0.0
2019-02-06,0.0,29.0,12.0,23.0,16.0,4.0,5.0,0.0,0.0,17.0,1.0,2.0,59.0,0.0
2019-02-07,2.0,27.0,5.0,20.0,24.0,5.0,7.0,0.0,0.0,12.0,1.0,0.0,68.0,0.0
2019-02-08,0.0,25.0,16.0,29.0,17.0,6.0,4.0,0.0,0.0,10.0,1.0,1.0,68.0,0.0
2019-02-09,1.0,20.0,6.0,18.0,14.0,4.0,4.0,0.0,0.0,6.0,2.0,1.0,69.0,0.0
2019-02-10,0.0,24.0,8.0,32.0,12.0,4.0,4.0,0.0,0.0,15.0,0.0,1.0,83.0,0.0
2019-02-11,1.0,23.0,15.0,17.0,26.0,6.0,2.0,0.0,0.0,15.0,5.0,1.0,68.0,0.0
2019-02-12,0.0,30.0,7.0,15.0,10.0,2.0,4.0,0.0,0.0,15.0,0.0,1.0,57.0,0.0
2019-02-13,0.0,23.0,8.0,21.0,13.0,5.0,6.0,0.0,0.0,5.0,1.0,1.0,63.0,0.0
2019-02-14,0.0,33.0,10.0,25.0,20.0,2.0,3.0,0.0,0.0,22.0,3.0,1.0,67.0,0.0
2019-02-15,0.0,27.0,18.0,24.0,19.0,5.0,3.0,0.0,0.0,13.0,3.0,0.0,55.0,0.0
2019-02-16,0.0,20.0,9.0,22.0,14.0,5.0,6.0,0.0,0.0,12.0,0.0,0.0,58.0,0.0
2019-02-17,0.0,26.0,10.0,18.0,14.0,6.0,3.0,0.0,0.0,10.0,2.0,1.0,65.0,0.0
2019-02-18,0.0,18.0,7.0,15.0,17.0,8.0,4.0,0.0,0.0,7.0,1.0,0.0,60.0,0.0
2019-02-19,0.0,27.0,10.0,19.0,18.0,3.0,4.0,0.0,0.0,19.0,0.0,1.0,62.0,0.0
2019-02-20,0.0,25.0,14.0,10.0,10.0,4.0,6.0,0.0,0.0,9.0,1.0,0.0,51.0,0.0
2019-02-21,0.0,17.0,13.0,26.0,25.0,4.0,4.0,0.0,0.0,9.0,2.0,0.0,74.0,0.0
2019-02-22,0.0,19.0,13.0,26.0,13.0,0.0,3.0,0.0,0.0,11.0,1.0,0.0,70.0,0.0
2019-02-23,1.0,23.0,10.0,26.0,20.0,4.0,3.0,0.0,0.0,13.0,1.0,2.0,66.0,0.0
2019-02-24,0.0,27.0,6.0,21.0,16.0,2.0,4.0,0.0,0.0,10.0,0.0,1.0,61.0,0.0
2019-02-25,0.0,16.0,14.0,26.0,20.0,5.0,6.0,0.0,0.0,6.0,1.0,0.0,46.0,0.0
2019-02-26,0.0,23.0,6.0,21.0,15.0,2.0,5.0,0.0,0.0,12.0,3.0,0.0,73.0,0.0
2019-02-27,0.0,29.0,8.0,17.0,21.0,3.0,5.0,0.0,0.0,13.0,4.0,2.0,62.0,0.0
2019-02-28,0.0,21.0,11.0,12.0,18.0,2.0,11.0,0.0,0.0,14.0,1.0,0.0,66.0,0.0
2019-03-01,2.0,15.0,14.0,21.0,15.0,4.0,4.0,0.0,0.0,8.0,2.0,1.0,75.0,0.0
2019-03-02,1.0,24.0,13.0,17.0,21.0,4.0,6.0,0.0,0.0,15.0,4.0,0.0,76.0,0.0
2019-03-03,0.0,23.0,9.0,29.0,10.0,5.0,1.0,0.0,0.0,14.0,0.0,0.0,75.0,0.0
2019-03-04,1.0,16.0,13.0,20.0,21.0,2.0,5.0,0.0,0.0,19.0,3.0,0.0,68.0,0.0
2019-03-05,0.0,33.0,7.0,25.0,22.0,3.0,6.0,0.0,0.0,23.0,2.0,0.0,81.0,0.0
2019-03-06,0.0,19.0,8.0,23.0,11.0,4.0,6.0,0.0,0.0,14.0,1.0,0.0,65.0,0.0
2019-03-07,0.0,29.0,7.0,20.0,13.0,5.0,5.0,0.0,0.0,11.0,1.0,1.0,76.0,0.0
2019-03-08,1.0,27.0,15.0,30.0,13.0,1.0,6.0,0.0,0.0,10.0,2.0,3.0,68.0,0.0
2019-03-09,0.0,20.0,10.0,35.0,16.0,5.0,4.0,0.0,0.0,9.0,1.0,1.0,60.0,0.0
2019-03-10,1.0,25.0,13.0,24.0,12.0,8.0,6.0,0.0,0.0,10.0,0.0,0.0,83.0,0.0
2019-03-11,0.0,22.0,20.0,30.0,13.0,3.0,3.0,0.0,0.0,16.0,1.0,0.0,59.0,0.0
2019-03-12,0.0,35.0,12.0,27.0,10.0,2.0,2.0,0.0,0.0,11.0,1.0,0.0,60.0,0.0
2019-03-13,2.0,26.0,11.0,24.0,11.0,6.0,3.0,0.0,0.0,11.0,1.0,0.0,76.0,0.0
2019-03-14,1.0,21.0,9.0,18.0,21.0,5.0,4.0,0.0,0.0,14.0,0.0,1.0,71.0,0.0
2019-03-15,1.0,29.0,11.0,21.0,18.0,4.0,11.0,0.0,0.0,18.0,0.0,0.0,81.0,0.0
2019-03-16,0.0,26.0,13.0,21.0,18.0,4.0,6.0,0.0,0.0,22.0,1.0,0.0,67.0,0.0
2019-03-17,0.0,24.0,9.0,14.0,23.0,4.0,3.0,0.0,0.0,10.0,4.0,0.0,55.0,0.0
2019-03-18,0.0,19.0,12.0,16.0,14.0,3.0,3.0,0.0,0.0,17.0,0.0,0.0,63.0,0.0
2019-03-19,0.0,24.0,10.0,27.0,22.0,3.0,2.0,0.0,0.0,11.0,3.0,3.0,56.0,0.0
2019-03-20,0.0,22.0,13.0,22.0,13.0,5.0,6.0,0.0,0.0,21.0,1.0,2.0,67.0,0.0
2019-03-21,1.0,20.0,9.0,25.0,17.0,10.0,4.0,0.0,0.0,16.0,0.0,0.0,49.0,0.0
2019-03-22,0.0,37.0,16.0,19.0,13.0,4.0,3.0,0.0,0.0,19.0,1.0,1.0,75.0,0.0
2019-03-23,2.0,21.0,7.0,15.0,12.0,4.0,3.0,0.0,0.0,16.0,1.0,0.0,65.0,0.0
2019-03-24,0.0,22.0,7.0,17.0,7.0,4.0,4.0,0.0,0.0,20.0,0.0,1.0,75.0,0.0
2019-03-25,0.0,26.0,11.0,24.0,10.0,7.0,2.0,0.0,0.0,9.0,2.0,1.0,73.0,0.0
2019-03-26,0.0,18.0,12.0,23.0,10.0,5.0,6.0,0.0,0.0,15.0,2.0,2.0,67.0,0.0
2019-03-27,0.0,23.0,13.0,28.0,16.0,3.0,6.0,0.0,0.0,13.0,1.0,0.0,63.0,0.0
2019-03-28,0.0,24.0,8.0,21.0,15.0,3.0,7.0,0.0,0.0,11.0,3.0,1.0,54.0,0.0
2019-03-29,0.0,25.0,14.0,23.0,13.0,1.0,4.0,0.0,0.0,12.0,1.0,2.0,58.0,0.0
2019-03-30,0.0,34.0,19.0,29.0,16.0,7.0,4.0,0.0,0.0,18.0,0.0,1.0,66.0,0.0
2019-03-31,0.0,27.0,12.0,15.0,11.0,6.0,1.0,0.0,0.0,13.0,2.0,1.0,66.0,0.0
2019-04-01,1.0,19.0,14.0,18.0,18.0,2.0,8.0,0.0,0.0,13.0,2.0,0.0,75.0,0.0
2019-04-02,0.0,20.0,13.0,21.0,18.0,7.0,4.0,0.0,0.0,19.0,1.0,1.0,70.0,0.0
2019-04-03,1.0,21.0,6.0,31.0,21.0,12.0,3.0,0.0,0.0,12.0,1.0,0.0,70.0,0.0
2019-04-04,1.0,19.0,15.0,15.0,18.0,3.0,4.0,0.0,0.0,12.0,4.0,0.0,101.0,0.0
2019-04-05,0.0,24.0,15.0,21.0,14.0,6.0,7.0,0.0,0.0,12.0,2.0,1.0,67.0,0.0
2019-04-06,0.0,20.0,10.0,26.0,18.0,4.0,3.0,0.0,0.0,15.0,2.0,2.0,77.0,0.0
2019-04-07,0.0,30.0,18.0,21.0,12.0,5.0,2.0,0.0,0.0,14.0,4.0,2.0,76.0,0.0
2019-04-08,0.0,17.0,12.0,22.0,14.0,4.0,4.0,0.0,0.0,18.0,0.0,0.0,84.0,0.0
2019-04-09,0.0,35.0,17.0,9.0,18.0,9.0,3.0,0.0,0.0,11.0,2.0,2.0,89.0,0.0
2019-04-10,1.0,28.0,10.0,21.0,15.0,5.0,6.0,0.0,0.0,12.0,3.0,0.0,64.0,0.0
2019-04-11,0.0,20.0,18.0,23.0,20.0,6.0,6.0,0.0,0.0,17.0,1.0,1.0,63.0,0.0
2019-04-12,1.0,28.0,15.0,25.0,12.0,3.0,4.0,0.0,0.0,17.0,0.0,1.0,61.0,0.0
2019-04-13,0.0,33.0,8.0,30.0,20.0,6.0,9.0,0.0,0.0,10.0,1.0,0.0,73.0,0.0
2019-04-14,2.0,31.0,10.0,23.0,9.0,7.0,6.0,0.0,0.0,9.0,0.0,2.0,94.0,0.0
2019-04-15,0.0,31.0,10.0,23.0,10.0,2.0,6.0,0.0,0.0,15.0,0.0,0.0,79.0,0.0
2019-04-16,0.0,22.0,11.0,18.0,24.0,3.0,3.0,0.0,0.0,14.0,2.0,1.0,71.0,0.0
2019-04-17,0.0,23.0,15.0,21.0,16.0,2.0,3.0,0.0,0.0,14.0,1.0,1.0,51.0,0.0
2019-04-18,0.0,31.0,9.0,18.0,12.0,6.0,4.0,0.0,0.0,19.0,1.0,0.0,68.0,0.0
2019-04-19,0.0,22.0,15.0,15.0,18.0,3.0,6.0,0.0,0.0,14.0,2.0,0.0,73.0,0.0
2019-04-20,0.0,33.0,14.0,15.0,13.0,8.0,5.0,0.0,0.0,14.0,1.0,1.0,62.0,0.0
2019-04-21,0.0,24.0,15.0,15.0,8.0,2.0,2.0,0.0,0.0,13.0,0.0,0.0,86.0,0.0
2019-04-22,0.0,20.0,11.0,14.0,24.0,7.0,7.0,0.0,0.0,13.0,1.0,1.0,77.0,0.0
2019-04-23,0.0,23.0,7.0,26.0,17.0,3.0,4.0,0.0,0.0,12.0,1.0,2.0,69.0,0.0
2019-04-24,0.0,14.0,7.0,15.0,16.0,5.0,5.0,0.0,0.0,13.0,1.0,1.0,65.0,0.0
2019-04-25,0.0,22.0,8.0,26.0,15.0,3.0,3.0,0.0,0.0,9.0,2.0,2.0,74.0,0.0
2019-04-26,0.0,24.0,10.0,16.0,16.0,2.0,4.0,0.0,0.0,17.0,0.0,2.0,67.0,0.0
2019-04-27,0.0,29.0,18.0,25.0,14.0,1.0,3.0,0.0,0.0,16.0,0.0,1.0,80.0,0.0
2019-04-28,0.0,22.0,15.0,23.0,7.0,4.0,5.0,0.0,0.0,20.0,1.0,2.0,84.0,0.0
2019-04-29,1.0,26.0,5.0,22.0,17.0,9.0,5.0,0.0,0.0,10.0,1.0,3.0,74.0,0.0
2019-04-30,0.0,31.0,11.0,22.0,17.0,5.0,6.0,0.0,0.0,18.0,3.0,1.0,61.0,0.0
2019-05-01,1.0,24.0,14.0,17.0,15.0,12.0,5.0,0.0,0.0,12.0,3.0,0.0,73.0,0.0
2019-05-02,0.0,41.0,13.0,17.0,13.0,4.0,10.0,0.0,0.0,16.0,1.0,1.0,80.0,0.0
2019-05-03,0.0,26.0,18.0,24.0,18.0,1.0,6.0,0.0,0.0,21.0,1.0,0.0,76.0,0.0
2019-05-04,1.0,27.0,12.0,29.0,12.0,4.0,8.0,0.0,0.0,14.0,2.0,0.0,83.0,0.0
2019-05-05,0.0,34.0,15.0,21.0,8.0,4.0,4.0,0.0,0.0,22.0,2.0,0.0,66.0,0.0
2019-05-06,1.0,31.0,10.0,19.0,15.0,4.0,3.0,0.0,0.0,10.0,1.0,1.0,68.0,0.0
2019-05-07,1.0,34.0,7.0,24.0,19.0,6.0,9.0,0.0,0.0,16.0,1.0,2.0,54.0,0.0
2019-05-08,0.0,26.0,12.0,12.0,11.0,8.0,9.0,0.0,0.0,17.0,4.0,0.0,64.0,0.0
2019-05-09,0.0,28.0,12.0,16.0,12.0,9.0,2.0,0.0,0.0,14.0,1.0,0.0,70.0,0.0
2019-05-10,0.0,35.0,3.0,26.0,26.0,6.0,4.0,0.0,0.0,17.0,1.0,1.0,61.0,0.0
2019-05-11,0.0,33.0,14.0,30.0,25.0,5.0,2.0,0.0,0.0,17.0,1.0,1.0,70.0,0.0
2019-05-12,0.0,33.0,7.0,25.0,22.0,4.0,4.0,0.0,0.0,15.0,0.0,0.0,80.0,0.0
2019-05-13,1.0,24.0,13.0,21.0,13.0,7.0,5.0,0.0,0.0,16.0,1.0,0.0,64.0,0.0
2019-05-14,0.0,34.0,14.0,34.0,12.0,10.0,2.0,0.0,0.0,7.0,0.0,3.0,81.0,0.0
2019-05-15,0.0,32.0,12.0,22.0,17.0,3.0,8.0,0.0,0.0,15.0,1.0,0.0,92.0,0.0
2019-05-16,0.0,27.0,12.0,17.0,19.0,6.0,9.0,0.0,0.0,17.0,2.0,0.0,85.0,0.0
2019-05-17,0.0,27.0,13.0,24.0,19.0,6.0,6.0,0.0,0.0,21.0,0.0,0.0,67.0,0.0
2019-05-18,0.0,18.0,12.0,22.0,19.0,4.0,4.0,0.0,0.0,17.0,3.0,1.0,75.0,0.0
2019-05-19,2.0,28.0,14.0,27.0,21.0,9.0,2.0,0.0,0.0,20.0,2.0,1.0,69.0,0.0
2019-05-20,0.0,31.0,22.0,14.0,19.0,10.0,8.0,0.0,0.0,23.0,1.0,1.0,74.0,0.0
2019-05-21,0.0,26.0,12.0,31.0,19.0,2.0,5.0,0.0,0.0,21.0,2.0,2.0,76.0,0.0
2019-05-22,1.0,37.0,12.0,15.0,13.0,5.0,6.0,0.0,0.0,23.0,3.0,2.0,97.0,0.0
2019-05-23,1.0,37.0,10.0,16.0,26.0,5.0,6.0,0.0,0.0,12.0,2.0,1.0,80.0,0.0
2019-05-24,0.0,23.0,20.0,18.0,20.0,7.0,6.0,0.0,0.0,14.0,2.0,1.0,84.0,0.0
2019-05-25,0.0,37.0,11.0,24.0,22.0,4.0,3.0,0.0,0.0,25.0,2.0,1.0,89.0,0.0
2019-05-26,1.0,30.0,13.0,33.0,13.0,5.0,8.0,0.0,0.0,14.0,1.0,1.0,74.0,0.0
2019-05-27,0.0,38.0,13.0,13.0,18.0,6.0,3.0,0.0,0.0,21.0,3.0,1.0,82.0,0.0
2019-05-28,1.0,31.0,10.0,23.0,21.0,2.0,3.0,0.0,0.0,18.0,3.0,0.0,70.0,0.0
2019-05-29,0.0,35.0,11.0,32.0,13.0,5.0,4.0,0.0,0.0,19.0,2.0,1.0,92.0,0.0
2019-05-30,1.0,29.0,12.0,34.0,10.0,7.0,11.0,0.0,0.0,16.0,1.0,0.0,86.0,0.0
2019-05-31,0.0,43.0,6.0,28.0,25.0,1.0,5.0,0.0,0.0,18.0,2.0,3.0,78.0,0.0
2019-06-01,1.0,27.0,12.0,26.0,19.0,4.0,5.0,0.0,0.0,12.0,1.0,2.0,78.0,0.0
2019-06-02,0.0,39.0,10.0,17.0,14.0,4.0,2.0,0.0,0.0,22.0,1.0,2.0,82.0,0.0
2019-06-03,0.0,25.0,8.0,17.0,21.0,6.0,4.0,0.0,0.0,34.0,1.0,2.0,71.0,0.0
2019-06-04,1.0,27.0,11.0,22.0,11.0,1.0,5.0,0.0,0.0,10.0,0.0,1.0,68.0,0.0
2019-06-05,0.0,38.0,13.0,23.0,18.0,5.0,2.0,0.0,0.0,20.0,1.0,1.0,92.0,0.0
2019-06-06,0.0,27.0,7.0,26.0,17.0,4.0,4.0,0.0,0.0,12.0,2.0,0.0,72.0,0.0
2019-06-07,0.0,34.0,18.0,32.0,10.0,8.0,6.0,0.0,0.0,17.0,1.0,1.0,78.0,0.0
2019-06-08,1.0,27.0,4.0,22.0,24.0,5.0,5.0,0.0,0.0,21.0,0.0,1.0,80.0,0.0
2019-06-09,0.0,24.0,18.0,19.0,21.0,9.0,8.0,0.0,0.0,19.0,0.0,2.0,92.0,0.0
2019-06-10,1.0,45.0,15.0,22.0,18.0,5.0,6.0,0.0,0.0,23.0,1.0,0.0,79.0,0.0
2019-06-11,0.0,33.0,17.0,24.0,22.0,4.0,5.0,0.0,0.0,17.0,1.0,2.0,79.0,0.0
2019-06-12,0.0,38.0,14.0,33.0,21.0,6.0,8.0,0.0,0.0,21.0,0.0,1.0,72.0,0.0
2019-06-13,2.0,40.0,13.0,31.0,14.0,4.0,3.0,0.0,0.0,24.0,0.0,0.0,79.0,0.0
2019-06-14,0.0,43.0,18.0,30.0,24.0,6.0,7.0,0.0,0.0,20.0,3.0,1.0,84.0,0.0
2019-06-15,1.0,37.0,11.0,17.0,22.0,8.0,12.0,0.0,0.0,18.0,0.0,0.0,64.0,0.0
2019-06-16,1.0,35.0,10.0,23.0,20.0,8.0,4.0,0.0,0.0,9.0,2.0,2.0,64.0,0.0
2019-06-17,1.0,37.0,11.0,32.0,16.0,7.0,3.0,0.0,0.0,20.0,3.0,2.0,83.0,0.0
2019-06-18,0.0,27.0,14.0,29.0,21.0,4.0,8.0,0.0,0.0,13.0,2.0,0.0,59.0,0.0
2019-06-19,1.0,34.0,15.0,20.0,16.0,5.0,3.0,0.0,0.0,14.0,3.0,2.0,58.0,0.0
2019-06-20,2.0,33.0,12.0,32.0,19.0,2.0,7.0,0.0,0.0,20.0,1.0,2.0,80.0,0.0
2019-06-21,1.0,36.0,8.0,26.0,31.0,8.0,5.0,0.0,0.0,19.0,1.0,0.0,78.0,0.0
2019-06-22,0.0,42.0,13.0,22.0,23.0,7.0,3.0,0.0,0.0,15.0,1.0,2.0,78.0,0.0
2019-06-23,1.0,38.0,18.0,25.0,14.0,9.0,4.0,0.0,0.0,16.0,0.0,0.0,87.0,0.0
2019-06-24,2.0,28.0,13.0,26.0,11.0,6.0,8.0,0.0,0.0,16.0,1.0,1.0,87.0,0.0
2019-06-25,1.0,30.0,21.0,20.0,23.0,3.0,11.0,0.0,0.0,17.0,3.0,0.0,67.0,0.0
2019-06-26,0.0,37.0,10.0,22.0,16.0,1.0,3.0,0.0,0.0,25.0,2.0,3.0,70.0,0.0
2019-06-27,0.0,41.0,13.0,21.0,16.0,4.0,5.0,0.0,0.0,26.0,2.0,2.0,96.0,0.0
2019-06-28,1.0,28.0,18.0,24.0,26.0,5.0,5.0,0.0,0.0,13.0,1.0,0.0,83.0,0.0
2019-06-29,0.0,42.0,18.0,20.0,21.0,9.0,7.0,0.0,0.0,16.0,1.0,1.0,80.0,0.0
2019-06-30,0.0,37.0,16.0,27.0,25.0,7.0,6.0,0.0,0.0,16.0,0.0,0.0,97.0,0.0
2019-07-01,0.0,32.0,11.0,18.0,22.0,5.0,2.0,0.0,0.0,13.0,1.0,2.0,79.0,0.0
2019-07-02,2.0,35.0,9.0,19.0,19.0,3.0,4.0,0.0,0.0,17.0,2.0,3.0,74.0,0.0
2019-07-03,0.0,42.0,9.0,17.0,18.0,5.0,5.0,0.0,0.0,15.0,2.0,0.0,78.0,0.0
2019-07-04,1.0,39.0,16.0,30.0,18.0,6.0,3.0,0.0,0.0,23.0,4.0,2.0,61.0,0.0
2019-07-05,0.0,44.0,13.0,17.0,16.0,3.0,8.0,0.0,0.0,13.0,2.0,2.0,68.0,0.0
2019-07-06,0.0,27.0,16.0,17.0,17.0,4.0,6.0,0.0,0.0,19.0,3.0,0.0,102.0,0.0
2019-07-07,0.0,34.0,7.0,18.0,19.0,8.0,4.0,0.0,0.0,21.0,3.0,1.0,101.0,0.0
2019-07-08,1.0,33.0,20.0,25.0,21.0,8.0,3.0,0.0,0.0,18.0,2.0,1.0,107.0,0.0
2019-07-09,0.0,40.0,13.0,19.0,20.0,8.0,6.0,0.0,0.0,18.0,2.0,1.0,79.0,0.0
2019-07-10,1.0,40.0,9.0,27.0,19.0,4.0,4.0,0.0,0.0,24.0,1.0,1.0,81.0,0.0
2019-07-11,0.0,31.0,16.0,25.0,24.0,5.0,5.0,0.0,0.0,23.0,2.0,1.0,87.0,0.0
2019-07-12,0.0,37.0,10.0,28.0,20.0,3.0,4.0,0.0,0.0,18.0,4.0,2.0,74.0,0.0
2019-07-13,1.0,40.0,11.0,26.0,24.0,9.0,4.0,0.0,0.0,15.0,0.0,1.0,69.0,0.0
2019-07-14,1.0,40.0,10.0,34.0,24.0,7.0,3.0,0.0,0.0,25.0,0.0,1.0,104.0,0.0
2019-07-15,0.0,34.0,5.0,25.0,25.0,4.0,2.0,0.0,0.0,21.0,1.0,3.0,78.0,0.0
2019-07-16,0.0,35.0,14.0,27.0,22.0,6.0,6.0,0.0,0.0,21.0,1.0,1.0,84.0,0.0
2019-07-17,0.0,31.0,18.0,18.0,16.0,9.0,2.0,0.0,0.0,20.0,0.0,1.0,83.0,0.0
2019-07-18,0.0,38.0,15.0,25.0,12.0,10.0,5.0,0.0,0.0,19.0,1.0,0.0,81.0,0.0
2019-07-19,1.0,44.0,10.0,20.0,21.0,6.0,2.0,0.0,0.0,19.0,3.0,0.0,79.0,0.0
2019-07-20,0.0,43.0,12.0,29.0,22.0,8.0,4.0,0.0,0.0,23.0,4.0,4.0,82.0,0.0
2019-07-21,1.0,37.0,8.0,27.0,26.0,8.0,7.0,0.0,0.0,13.0,2.0,0.0,84.0,0.0
2019-07-22,1.0,38.0,17.0,15.0,29.0,4.0,1.0,0.0,0.0,20.0,2.0,2.0,96.0,0.0
2019-07-23,1.0,41.0,13.0,22.0,25.0,5.0,3.0,0.0,0.0,22.0,1.0,1.0,85.0,0.0
2019-07-24,0.0,43.0,17.0,18.0,12.0,9.0,3.0,0.0,0.0,20.0,2.0,2.0,79.0,0.0
2019-07-25,1.0,38.0,17.0,22.0,15.0,8.0,7.0,0.0,0.0,15.0,2.0,1.0,70.0,0.0
2019-07-26,0.0,34.0,8.0,20.0,21.0,5.0,6.0,0.0,0.0,18.0,2.0,3.0,69.0,0.0
2019-07-27,0.0,34.0,19.0,17.0,17.0,3.0,4.0,0.0,0.0,17.0,0.0,2.0,85.0,0.0
2019-07-28,0.0,39.0,15.0,27.0,19.0,9.0,4.0,0.0,0.0,20.0,3.0,0.0,78.0,0.0
2019-07-29,0.0,36.0,15.0,25.0,16.0,5.0,1.0,0.0,0.0,26.0,1.0,0.0,82.0,0.0
2019-07-30,1.0,31.0,8.0,22.0,16.0,4.0,7.0,0.0,0.0,19.0,1.0,0.0,77.0,0.0
2019-07-31,1.0,31.0,9.0,19.0,14.0,5.0,1.0,0.0,0.0,21.0,1.0,0.0,84.0,0.0
2019-08-01,0.0,33.0,19.0,15.0,22.0,7.0,8.0,0.0,0.0,23.0,1.0,1.0,78.0,0.0
2019-08-02,0.0,34.0,15.0,13.0,28.0,2.0,4.0,0.0,0.0,11.0,4.0,0.0,60.0,0.0
2019-08-03,0.0,31.0,12.0,24.0,12.0,9.0,3.0,0.0,0.0,8.0,2.0,2.0,55.0,0.0
2019-08-04,1.0,35.0,14.0,24.0,24.0,7.0,5.0,0.0,0.0,11.0,2.0,2.0,72.0,0.0
2019-08-05,0.0,34.0,14.0,24.0,28.0,1.0,5.0,0.0,0.0,9.0,1.0,2.0,66.0,0.0
2019-08-06,0.0,45.0,9.0,19.0,24.0,7.0,3.0,0.0,0.0,15.0,1.0,1.0,74.0,0.0
2019-08-07,0.0,40.0,15.0,23.0,17.0,2.0,1.0,0.0,0.0,15.0,4.0,0.0,84.0,0.0
2019-08-08,1.0,31.0,17.0,27.0,19.0,6.0,6.0,0.0,0.0,15.0,4.0,0.0,76.0,0.0
2019-08-09,0.0,31.0,8.0,22.0,23.0,5.0,7.0,0.0,0.0,18.0,1.0,2.0,69.0,0.0
2019-08-10,1.0,33.0,17.0,29.0,21.0,8.0,5.0,0.0,0.0,17.0,1.0,2.0,90.0,0.0
2019-08-11,1.0,36.0,15.0,14.0,24.0,6.0,7.0,0.0,0.0,22.0,1.0,0.0,76.0,0.0
2019-08-12,0.0,32.0,12.0,19.0,24.0,8.0,6.0,0.0,0.0,22.0,1.0,1.0,79.0,0.0
2019-08-13,0.0,39.0,4.0,22.0,11.0,8.0,7.0,0.0,0.0,16.0,1.0,2.0,77.0,0.0
2019-08-14,0.0,30.0,14.0,20.0,22.0,7.0,8.0,0.0,0.0,18.0,2.0,0.0,75.0,0.0
2019-08-15,0.0,28.0,8.0,19.0,11.0,7.0,8.0,0.0,0.0,7.0,0.0,0.0,69.0,0.0
2019-08-16,0.0,31.0,9.0,21.0,12.0,9.0,10.0,0.0,0.0,18.0,0.0,2.0,73.0,0.0
2019-08-17,0.0,41.0,17.0,31.0,21.0,4.0,3.0,0.0,0.0,27.0,4.0,2.0,90.0,0.0
2019-08-18,0.0,26.0,17.0,24.0,21.0,1.0,3.0,0.0,0.0,22.0,4.0,1.0,71.0,0.0
2019-08-19,1.0,32.0,12.0,30.0,14.0,9.0,6.0,0.0,0.0,13.0,0.0,0.0,72.0,0.0
2019-08-20,2.0,26.0,14.0,22.0,14.0,8.0,6.0,0.0,0.0,9.0,0.0,2.0,52.0,0.0
2019-08-21,1.0,37.0,11.0,25.0,19.0,5.0,2.0,0.0,0.0,15.0,1.0,0.0,83.0,0.0
2019-08-22,0.0,22.0,18.0,17.0,16.0,6.0,8.0,0.0,0.0,24.0,1.0,2.0,78.0,0.0
2019-08-23,1.0,26.0,10.0,25.0,20.0,5.0,4.0,0.0,0.0,11.0,3.0,2.0,67.0,0.0
2019-08-24,0.0,32.0,15.0,22.0,18.0,9.0,7.0,0.0,0.0,17.0,0.0,2.0,81.0,0.0
2019-08-25,0.0,27.0,11.0,25.0,25.0,8.0,3.0,0.0,0.0,18.0,1.0,3.0,81.0,0.0
2019-08-26,1.0,20.0,16.0,19.0,25.0,6.0,10.0,0.0,0.0,21.0,1.0,2.0,61.0,0.0
2019-08-27,0.0,42.0,10.0,32.0,15.0,8.0,7.0,0.0,0.0,18.0,2.0,1.0,58.0,0.0
2019-08-28,1.0,39.0,5.0,15.0,13.0,2.0,7.0,0.0,0.0,8.0,2.0,0.0,51.0,0.0
2019-08-29,0.0,46.0,16.0,19.0,13.0,5.0,5.0,0.0,0.0,18.0,3.0,1.0,62.0,0.0
2019-08-30,0.0,52.0,14.0,18.0,19.0,3.0,11.0,0.0,0.0,29.0,4.0,1.0,90.0,0.0
2019-08-31,0.0,35.0,17.0,28.0,27.0,5.0,9.0,0.0,0.0,17.0,2.0,1.0,84.0,0.0
2019-09-01,1.0,34.0,10.0,21.0,14.0,2.0,4.0,0.0,0.0,19.0,1.0,0.0,80.0,0.0
2019-09-02,0.0,28.0,11.0,16.0,12.0,6.0,3.0,0.0,0.0,16.0,3.0,1.0,74.0,0.0
2019-09-03,0.0,27.0,9.0,21.0,17.0,5.0,6.0,0.0,0.0,9.0,2.0,0.0,86.0,0.0
2019-09-04,0.0,38.0,12.0,21.0,16.0,2.0,5.0,0.0,0.0,18.0,1.0,2.0,85.0,0.0
2019-09-05,1.0,34.0,13.0,23.0,18.0,9.0,6.0,0.0,0.0,10.0,0.0,2.0,70.0,0.0
2019-09-06,2.0,38.0,14.0,27.0,17.0,4.0,5.0,0.0,0.0,18.0,3.0,1.0,63.0,0.0
2019-09-07,0.0,30.0,8.0,18.0,17.0,6.0,2.0,0.0,0.0,13.0,0.0,2.0,82.0,0.0
2019-09-08,0.0,32.0,15.0,20.0,18.0,2.0,6.0,0.0,0.0,15.0,1.0,3.0,104.0,0.0
2019-09-09,0.0,35.0,20.0,27.0,23.0,7.0,5.0,0.0,0.0,21.0,1.0,0.0,104.0,0.0
2019-09-10,0.0,38.0,21.0,33.0,25.0,6.0,2.0,0.0,0.0,18.0,0.0,1.0,74.0,0.0
2019-09-11,0.0,38.0,11.0,39.0,22.0,6.0,9.0,0.0,0.0,24.0,2.0,0.0,98.0,0.0
2019-09-12,0.0,34.0,14.0,20.0,9.0,6.0,7.0,0.0,0.0,15.0,2.0,1.0,74.0,0.0
2019-09-13,0.0,41.0,22.0,23.0,17.0,3.0,3.0,0.0,0.0,14.0,0.0,0.0,64.0,0.0
2019-09-14,0.0,36.0,13.0,19.0,18.0,2.0,6.0,0.0,0.0,9.0,1.0,1.0,60.0,0.0
2019-09-15,0.0,38.0,12.0,30.0,19.0,7.0,6.0,0.0,0.0,13.0,2.0,1.0,67.0,0.0
2019-09-16,0.0,29.0,11.0,28.0,16.0,5.0,5.0,0.0,0.0,16.0,1.0,1.0,80.0,0.0
2019-09-17,1.0,28.0,16.0,25.0,16.0,6.0,5.0,0.0,0.0,15.0,0.0,2.0,78.0,0.0
2019-09-18,1.0,45.0,10.0,16.0,26.0,4.0,7.0,0.0,0.0,17.0,4.0,0.0,66.0,0.0
2019-09-19,1.0,39.0,12.0,31.0,17.0,5.0,5.0,0.0,0.0,21.0,3.0,0.0,58.0,0.0
2019-09-20,0.0,34.0,8.0,21.0,11.0,7.0,7.0,0.0,0.0,18.0,3.0,0.0,69.0,0.0
2019-09-21,0.0,22.0,13.0,19.0,12.0,5.0,6.0,0.0,0.0,14.0,1.0,0.0,64.0,0.0
2019-09-22,1.0,23.0,15.0,20.0,11.0,4.0,2.0,0.0,0.0,19.0,1.0,0.0,69.0,0.0
2019-09-23,0.0,33.0,10.0,22.0,10.0,4.0,4.0,0.0,0.0,16.0,0.0,1.0,58.0,0.0
2019-09-24,1.0,30.0,13.0,28.0,18.0,7.0,5.0,0.0,0.0,12.0,0.0,1.0,77.0,0.0
2019-09-25,0.0,30.0,14.0,17.0,20.0,5.0,4.0,0.0,0.0,14.0,4.0,2.0,67.0,0.0
2019-09-26,1.0,29.0,7.0,34.0,15.0,4.0,4.0,0.0,0.0,11.0,1.0,0.0,57.0,0.0
2019-09-27,0.0,33.0,17.0,31.0,17.0,2.0,5.0,0.0,0.0,16.0,2.0,1.0,75.0,0.0
2019-09-28,0.0,22.0,9.0,27.0,14.0,6.0,8.0,0.0,0.0,16.0,2.0,2.0,98.0,0.0
2019-09-29,0.0,22.0,7.0,16.0,17.0,3.0,2.0,0.0,0.0,18.0,1.0,1.0,60.0,0.0
2019-09-30,1.0,27.0,15.0,16.0,13.0,7.0,10.0,0.0,0.0,15.0,0.0,1.0,71.0,0.0
2019-10-01,1.0,21.0,9.0,15.0,20.0,3.0,6.0,0.0,0.0,16.0,1.0,2.0,77.0,0.0
2019-10-02,0.0,36.0,15.0,23.0,12.0,3.0,6.0,0.0,0.0,19.0,2.0,0.0,69.0,0.0
2019-10-03,1.0,35.0,8.0,15.0,18.0,6.0,8.0,0.0,0.0,22.0,2.0,2.0,73.0,0.0
2019-10-04,0.0,26.0,10.0,23.0,14.0,10.0,4.0,0.0,0.0,13.0,3.0,0.0,77.0,0.0
2019-10-05,0.0,39.0,8.0,26.0,21.0,6.0,3.0,0.0,0.0,13.0,0.0,1.0,77.0,0.0
2019-10-06,0.0,24.0,11.0,14.0,18.0,3.0,6.0,0.0,0.0,13.0,0.0,0.0,73.0,0.0
2019-10-07,0.0,35.0,16.0,18.0,16.0,6.0,5.0,0.0,0.0,14.0,3.0,1.0,69.0,0.0
2019-10-08,0.0,22.0,12.0,18.0,22.0,2.0,4.0,0.0,0.0,11.0,0.0,0.0,49.0,0.0
2019-10-09,0.0,21.0,12.0,21.0,12.0,0.0,4.0,0.0,0.0,15.0,2.0,1.0,79.0,0.0
2019-10-10,0.0,27.0,13.0,18.0,13.0,2.0,6.0,0.0,0.0,19.0,1.0,2.0,70.0,0.0
2019-10-11,0.0,29.0,13.0,24.0,17.0,4.0,5.0,0.0,0.0,15.0,1.0,2.0,85.0,0.0
2019-10-12,0.0,24.0,15.0,21.0,20.0,2.0,3.0,0.0,0.0,14.0,1.0,1.0,87.0,0.0
2019-10-13,0.0,32.0,18.0,20.0,24.0,6.0,4.0,0.0,0.0,13.0,3.0,0.0,103.0,0.0
2019-10-14,0.0,37.0,17.0,26.0,17.0,7.0,7.0,0.0,0.0,18.0,2.0,4.0,85.0,0.0
2019-10-15,0.0,27.0,10.0,25.0,9.0,10.0,6.0,0.0,0.0,6.0,2.0,0.0,76.0,0.0
2019-10-16,0.0,31.0,12.0,17.0,19.0,4.0,2.0,0.0,0.0,13.0,1.0,0.0,75.0,0.0
2019-10-17,0.0,26.0,17.0,23.0,11.0,5.0,9.0,0.0,0.0,12.0,1.0,1.0,70.0,0.0
2019-10-18,0.0,25.0,16.0,12.0,17.0,9.0,5.0,0.0,0.0,15.0,0.0,0.0,81.0,0.0
2019-10-19,1.0,23.0,5.0,25.0,19.0,3.0,5.0,0.0,0.0,7.0,4.0,1.0,64.0,0.0
2019-10-20,1.0,33.0,23.0,15.0,16.0,3.0,5.0,0.0,0.0,8.0,1.0,0.0,53.0,0.0
2019-10-21,0.0,38.0,17.0,24.0,13.0,8.0,4.0,0.0,0.0,17.0,1.0,1.0,64.0,0.0
2019-10-22,1.0,27.0,17.0,19.0,16.0,1.0,5.0,0.0,0.0,17.0,1.0,1.0,69.0,0.0
2019-10-23,0.0,20.0,11.0,15.0,20.0,3.0,4.0,0.0,0.0,17.0,1.0,1.0,65.0,0.0
2019-10-24,0.0,37.0,8.0,22.0,10.0,6.0,5.0,0.0,0.0,9.0,4.0,0.0,67.0,0.0
2019-10-25,0.0,32.0,14.0,21.0,17.0,5.0,3.0,0.0,0.0,12.0,1.0,0.0,88.0,0.0
2019-10-26,1.0,35.0,11.0,18.0,17.0,5.0,5.0,0.0,0.0,15.0,1.0,2.0,76.0,0.0
2019-10-27,3.0,36.0,7.0,13.0,12.0,5.0,2.0,0.0,0.0,18.0,0.0,1.0,75.0,0.0
2019-10-28,0.0,41.0,11.0,23.0,15.0,5.0,3.0,0.0,0.0,11.0,1.0,2.0,80.0,0.0
2019-10-29,1.0,25.0,16.0,21.0,19.0,7.0,2.0,0.0,0.0,14.0,1.0,0.0,70.0,0.0
2019-10-30,1.0,29.0,9.0,25.0,12.0,3.0,2.0,0.0,0.0,10.0,1.0,0.0,92.0,0.0
2019-10-31,2.0,33.0,8.0,21.0,12.0,7.0,3.0,0.0,0.0,13.0,1.0,2.0,88.0,0.0
2019-11-01,1.0,32.0,18.0,22.0,24.0,4.0,10.0,0.0,0.0,21.0,1.0,0.0,77.0,0.0
2019-11-02,0.0,23.0,11.0,27.0,20.0,2.0,3.0,0.0,0.0,19.0,2.0,1.0,83.0,0.0
2019-11-03,0.0,30.0,20.0,28.0,23.0,5.0,3.0,0.0,0.0,13.0,1.0,0.0,73.0,0.0
2019-11-04,0.0,34.0,13.0,24.0,17.0,13.0,4.0,0.0,0.0,16.0,0.0,2.0,73.0,0.0
2019-11-05,0.0,21.0,7.0,26.0,24.0,5.0,3.0,0.0,0.0,20.0,2.0,2.0,82.0,0.0
2019-11-06,0.0,27.0,14.0,19.0,23.0,3.0,4.0,0.0,0.0,12.0,2.0,0.0,80.0,0.0
2019-11-07,1.0,24.0,10.0,21.0,22.0,8.0,5.0,0.0,0.0,13.0,2.0,0.0,66.0,0.0
2019-11-08,1.0,30.0,7.0,38.0,14.0,9.0,3.0,0.0,0.0,13.0,1.0,1.0,68.0,0.0
2019-11-09,0.0,36.0,10.0,24.0,19.0,3.0,0.0,0.0,0.0,13.0,1.0,1.0,65.0,0.0
2019-11-10,0.0,23.0,10.0,17.0,9.0,5.0,6.0,0.0,0.0,5.0,1.0,1.0,87.0,0.0
2019-11-11,0.0,25.0,12.0,30.0,19.0,6.0,7.0,0.0,0.0,24.0,3.0,1.0,73.0,0.0
2019-11-12,0.0,18.0,7.0,23.0,11.0,5.0,3.0,0.0,0.0,11.0,2.0,2.0,80.0,0.0
2019-11-13,0.0,21.0,11.0,25.0,17.0,4.0,8.0,0.0,0.0,13.0,1.0,2.0,54.0,0.0
2019-11-14,0.0,25.0,6.0,17.0,17.0,1.0,5.0,0.0,0.0,10.0,2.0,1.0,66.0,0.0
2019-11-15,0.0,32.0,7.0,21.0,17.0,8.0,5.0,0.0,0.0,17.0,4.0,3.0,67.0,0.0
2019-11-16,0.0,17.0,14.0,15.0,8.0,6.0,9.0,0.0,0.0,10.0,1.0,1.0,55.0,0.0
2019-11-17,0.0,22.0,11.0,26.0,15.0,7.0,4.0,0.0,0.0,8.0,1.0,0.0,84.0,0.0
2019-11-18,0.0,20.0,9.0,23.0,17.0,4.0,7.0,0.0,0.0,16.0,2.0,0.0,71.0,0.0
2019-11-19,0.0,23.0,10.0,22.0,20.0,7.0,6.0,0.0,0.0,20.0,0.0,1.0,74.0,0.0
2019-11-20,1.0,24.0,13.0,18.0,16.0,6.0,5.0,0.0,0.0,20.0,3.0,0.0,71.0,0.0
2019-11-21,0.0,27.0,7.0,32.0,17.0,1.0,3.0,0.0,0.0,6.0,4.0,3.0,69.0,0.0
2019-11-22,1.0,31.0,9.0,27.0,28.0,2.0,3.0,0.0,0.0,18.0,1.0,0.0,68.0,0.0
2019-11-23,0.0,24.0,9.0,32.0,15.0,3.0,6.0,0.0,0.0,12.0,2.0,1.0,75.0,0.0
2019-11-24,0.0,25.0,14.0,17.0,15.0,3.0,3.0,0.0,0.0,11.0,2.0,1.0,70.0,0.0
2019-11-25,0.0,31.0,7.0,23.0,19.0,4.0,4.0,0.0,0.0,15.0,1.0,1.0,63.0,0.0
2019-11-26,0.0,35.0,6.0,29.0,15.0,5.0,5.0,0.0,0.0,14.0,1.0,0.0,63.0,0.0
2019-11-27,1.0,26.0,16.0,21.0,12.0,4.0,1.0,0.0,0.0,11.0,2.0,2.0,72.0,0.0
2019-11-28,0.0,16.0,8.0,26.0,15.0,4.0,7.0,0.0,0.0,10.0,1.0,1.0,70.0,0.0
2019-11-29,0.0,25.0,11.0,27.0,13.0,5.0,4.0,0.0,0.0,13.0,2.0,0.0,68.0,0.0
2019-11-30,0.0,18.0,15.0,27.0,19.0,4.0,7.0,0.0,0.0,9.0,2.0,0.0,70.0,0.0
2019-12-01,0.0,25.0,12.0,18.0,17.0,4.0,3.0,0.0,0.0,19.0,2.0,1.0,74.0,0.0
2019-12-02,1.0,23.0,12.0,31.0,9.0,5.0,8.0,0.0,0.0,15.0,0.0,1.0,68.0,0.0
2019-12-03,2.0,21.0,11.0,17.0,13.0,7.0,3.0,0.0,0.0,10.0,2.0,1.0,80.0,0.0
2019-12-04,0.0,24.0,9.0,25.0,16.0,2.0,3.0,0.0,0.0,12.0,1.0,1.0,77.0,0.0
2019-12-05,1.0,34.0,12.0,20.0,15.0,9.0,8.0,0.0,0.0,18.0,3.0,1.0,73.0,0.0
2019-12-06,0.0,17.0,10.0,20.0,16.0,6.0,6.0,0.0,0.0,17.0,4.0,3.0,89.0,0.0
2019-12-07,1.0,22.0,13.0,18.0,12.0,6.0,3.0,0.0,0.0,15.0,3.0,0.0,78.0,0.0
2019-12-08,1.0,21.0,7.0,17.0,23.0,1.0,5.0,0.0,0.0,17.0,2.0,0.0,70.0,0.0
2019-12-09,0.0,27.0,11.0,21.0,16.0,5.0,8.0,0.0,0.0,21.0,0.0,1.0,62.0,0.0
2019-12-10,0.0,29.0,15.0,31.0,12.0,5.0,4.0,0.0,0.0,10.0,3.0,1.0,60.0,0.0
2019-12-11,0.0,30.0,5.0,31.0,18.0,9.0,4.0,0.0,0.0,11.0,2.0,3.0,55.0,0.0
2019-12-12,0.0,18.0,13.0,17.0,27.0,6.0,5.0,0.0,0.0,12.0,1.0,1.0,64.0,0.0
2019-12-13,0.0,23.0,17.0,17.0,16.0,5.0,7.0,0.0,0.0,13.0,1.0,1.0,77.0,0.0
2019-12-14,0.0,34.0,12.0,22.0,12.0,3.0,6.0,0.0,0.0,17.0,5.0,0.0,71.0,0.0
2019-12-15,0.0,26.0,8.0,19.0,21.0,3.0,3.0,0.0,0.0,16.0,1.0,0.0,85.0,0.0
2019-12-16,0.0,23.0,13.0,19.0,20.0,3.0,5.0,0.0,0.0,16.0,4.0,0.0,65.0,0.0
2019-12-17,0.0,21.0,9.0,18.0,12.0,2.0,3.0,0.0,0.0,15.0,1.0,0.0,59.0,0.0
2019-12-18,0.0,23.0,13.0,16.0,18.0,4.0,6.0,0.0,0.0,16.0,1.0,2.0,74.0,0.0
2019-12-19,0.0,30.0,15.0,16.0,15.0,3.0,7.0,0.0,0.0,13.0,3.0,0.0,71.0,0.0
2019-12-20,0.0,21.0,6.0,15.0,18.0,8.0,1.0,0.0,0.0,14.0,2.0,1.0,67.0,0.0
2019-12-21,0.0,29.0,10.0,28.0,15.0,5.0,4.0,0.0,0.0,12.0,1.0,2.0,84.0,0.0
2019-12-22,0.0,29.0,5.0,29.0,20.0,4.0,4.0,0.0,0.0,15.0,1.0,0.0,74.0,0.0
2019-12-23,0.0,25.0,9.0,21.0,16.0,4.0,9.0,0.0,0.0,13.0,0.0,3.0,92.0,0.0
2019-12-24,0.0,30.0,18.0,27.0,12.0,2.0,3.0,0.0,0.0,11.0,2.0,5.0,77.0,0.0
2019-12-25,0.0,29.0,12.0,19.0,12.0,6.0,8.0,0.0,0.0,11.0,4.0,0.0,82.0,0.0
2019-12-26,0.0,25.0,16.0,23.0,20.0,4.0,8.0,0.0,0.0,23.0,4.0,0.0,80.0,0.0
2019-12-27,0.0,24.0,13.0,28.0,10.0,5.0,3.0,0.0,0.0,9.0,5.0,0.0,60.0,0.0
2019-12-28,0.0,26.0,18.0,23.0,17.0,4.0,2.0,0.0,0.0,16.0,2.0,0.0,98.0,0.0
2019-12-29,2.0,28.0,14.0,14.0,18.0,7.0,5.0,0.0,0.0,16.0,0.0,1.0,68.0,0.0
2019-12-30,1.0,34.0,9.0,24.0,19.0,3.0,4.0,0.0,0.0,24.0,1.0,0.0,66.0,0.0
2019-12-31,0.0,26.0,7.0,21.0,7.0,5.0,5.0,0.0,0.0,16.0,0.0,2.0,80.0,0.0
2020-01-01,0.0,29.0,13.0,28.0,20.0,5.0,4.0,0.0,0.0,14.0,5.0,0.0,95.0,0.0
2020-01-02,0.0,36.0,10.0,22.0,10.0,4.0,1.0,0.0,0.0,13.0,2.0,1.0,72.0,0.0
2020-01-03,0.0,28.0,5.0,23.0,9.0,9.0,2.0,0.0,0.0,11.0,0.0,1.0,57.0,0.0
2020-01-04,0.0,26.0,12.0,22.0,11.0,3.0,6.0,0.0,0.0,15.0,1.0,0.0,59.0,0.0
2020-01-05,0.0,37.0,8.0,31.0,15.0,4.0,4.0,0.0,0.0,8.0,3.0,2.0,71.0,0.0
2020-01-06,0.0,34.0,11.0,21.0,14.0,9.0,2.0,0.0,0.0,16.0,2.0,1.0,82.0,0.0
2020-01-07,1.0,30.0,11.0,23.0,21.0,3.0,5.0,0.0,0.0,7.0,2.0,0.0,77.0,0.0
2020-01-08,0.0,31.0,10.0,25.0,16.0,5.0,3.0,0.0,0.0,10.0,1.0,0.0,69.0,0.0
2020-01-09,0.0,27.0,12.0,29.0,14.0,5.0,7.0,0.0,0.0,16.0,2.0,0.0,87.0,0.0
2020-01-10,0.0,32.0,15.0,20.0,23.0,8.0,5.0,0.0,0.0,12.0,1.0,0.0,74.0,0.0
2020-01-11,0.0,21.0,10.0,22.0,18.0,3.0,5.0,0.0,0.0,11.0,4.0,0.0,66.0,0.0
2020-01-12,0.0,23.0,13.0,21.0,16.0,3.0,4.0,0.0,0.0,15.0,3.0,1.0,64.0,0.0
2020-01-13,0.0,23.0,13.0,21.0,9.0,5.0,3.0,0.0,0.0,10.0,3.0,0.0,66.0,0.0
2020-01-14,0.0,20.0,13.0,16.0,23.0,2.0,2.0,0.0,0.0,13.0,2.0,1.0,72.0,0.0
2020-01-15,0.0,30.0,15.0,19.0,18.0,4.0,8.0,0.0,0.0,10.0,1.0,1.0,87.0,0.0
2020-01-16,0.0,21.0,10.0,22.0,18.0,4.0,5.0,0.0,0.0,16.0,2.0,0.0,62.0,0.0
2020-01-17,0.0,29.0,12.0,18.0,16.0,4.0,2.0,0.0,0.0,14.0,1.0,0.0,64.0,0.0
2020-01-18,0.0,34.0,12.0,23.0,9.0,2.0,10.0,0.0,0.0,17.0,0.0,0.0,56.0,0.0
2020-01-19,0.0,30.0,11.0,24.0,11.0,4.0,1.0,0.0,0.0,16.0,4.0,0.0,61.0,0.0
2020-01-20,0.0,22.0,12.0,15.0,17.0,4.0,3.0,0.0,0.0,21.0,1.0,0.0,68.0,0.0
2020-01-21,1.0,25.0,11.0,20.0,14.0,3.0,3.0,0.0,0.0,13.0,0.0,0.0,80.0,0.0
2020-01-22,1.0,22.0,7.0,19.0,11.0,6.0,2.0,0.0,0.0,15.0,1.0,0.0,45.0,0.0
2020-01-23,0.0,21.0,11.0,20.0,9.0,7.0,5.0,0.0,0.0,16.0,3.0,3.0,74.0,0.0
2020-01-24,1.0,20.0,8.0,22.0,11.0,7.0,4.0,0.0,0.0,18.0,5.0,2.0,56.0,0.0
2020-01-25,0.0,30.0,10.0,22.0,16.0,4.0,6.0,0.0,0.0,14.0,2.0,0.0,71.0,0.0
2020-01-26,0.0,31.0,9.0,21.0,23.0,5.0,8.0,0.0,0.0,13.0,6.0,1.0,74.0,0.0
2020-01-27,0.0,33.0,13.0,19.0,18.0,7.0,4.0,0.0,0.0,16.0,0.0,1.0,63.0,0.0
2020-01-28,0.0,27.0,12.0,25.0,14.0,8.0,5.0,0.0,0.0,4.0,2.0,0.0,79.0,0.0
2020-01-29,0.0,28.0,10.0,27.0,18.0,5.0,4.0,0.0,0.0,15.0,2.0,2.0,77.0,0.0
2020-01-30,1.0,26.0,14.0,16.0,21.0,8.0,9.0,0.0,0.0,10.0,1.0,1.0,59.0,0.0
2020-01-31,0.0,23.0,16.0,33.0,19.0,5.0,6.0,0.0,0.0,15.0,0.0,0.0,73.0,0.0
2020-02-01,0.0,26.0,7.0,27.0,19.0,1.0,4.0,0.0,0.0,12.0,2.0,1.0,67.0,0.0
2020-02-02,0.0,26.0,15.0,15.0,15.0,4.0,2.0,0.0,0.0,13.0,2.0,1.0,78.0,0.0
2020-02-03,0.0,22.0,10.0,23.0,12.0,3.0,2.0,0.0,0.0,16.0,2.0,0.0,71.0,0.0
2020-02-04,1.0,16.0,8.0,20.0,14.0,3.0,4.0,0.0,0.0,17.0,0.0,2.0,74.0,0.0
2020-02-05,2.0,22.0,14.0,25.0,14.0,6.0,4.0,0.0,0.0,16.0,0.0,0.0,69.0,0.0
2020-02-06,0.0,36.0,15.0,13.0,12.0,4.0,8.0,0.0,0.0,19.0,2.0,0.0,70.0,0.0
2020-02-07,0.0,16.0,8.0,27.0,16.0,2.0,10.0,0.0,0.0,17.0,0.0,1.0,78.0,0.0
2020-02-08,1.0,26.0,13.0,22.0,9.0,5.0,8.0,0.0,0.0,16.0,4.0,0.0,86.0,0.0
2020-02-09,1.0,22.0,12.0,27.0,21.0,5.0,4.0,0.0,0.0,12.0,1.0,3.0,80.0,0.0
2020-02-10,1.0,17.0,12.0,16.0,23.0,6.0,5.0,0.0,0.0,26.0,2.0,1.0,77.0,0.0
2020-02-11,0.0,17.0,6.0,31.0,22.0,2.0,5.0,0.0,0.0,11.0,1.0,0.0,56.0,0.0
2020-02-12,0.0,24.0,3.0,23.0,9.0,5.0,3.0,0.0,0.0,11.0,2.0,2.0,77.0,0.0
2020-02-13,0.0,27.0,9.0,17.0,19.0,8.0,4.0,0.0,0.0,12.0,3.0,0.0,71.0,0.0
2020-02-14,0.0,25.0,16.0,19.0,17.0,6.0,6.0,0.0,0.0,13.0,1.0,1.0,90.0,0.0
2020-02-15,0.0,27.0,7.0,19.0,9.0,5.0,7.0,0.0,0.0,8.0,2.0,2.0,78.0,0.0
2020-02-16,0.0,20.0,12.0,24.0,12.0,6.0,9.0,0.0,0.0,16.0,1.0,3.0,94.0,0.0
2020-02-17,1.0,26.0,13.0,29.0,9.0,6.0,9.0,0.0,0.0,16.0,0.0,1.0,76.0,0.0
2020-02-18,0.0,30.0,13.0,18.0,25.0,9.0,3.0,0.0,0.0,14.0,5.0,0.0,69.0,0.0
2020-02-19,0.0,29.0,6.0,27.0,16.0,7.0,5.0,0.0,0.0,8.0,1.0,2.0,68.0,0.0
2020-02-20,0.0,30.0,15.0,19.0,11.0,6.0,5.0,0.0,0.0,12.0,2.0,0.0,72.0,0.0
2020-02-21,0.0,21.0,12.0,17.0,17.0,3.0,4.0,0.0,0.0,13.0,0.0,0.0,76.0,0.0
2020-02-22,0.0,29.0,4.0,21.0,13.0,3.0,4.0,0.0,0.0,10.0,5.0,0.0,81.0,0.0
2020-02-23,1.0,18.0,13.0,22.0,19.0,2.0,2.0,0.0,0.0,6.0,2.0,0.0,73.0,0.0
2020-02-24,0.0,22.0,13.0,24.0,19.0,6.0,7.0,0.0,0.0,9.0,2.0,1.0,70.0,0.0
2020-02-25,0.0,30.0,10.0,18.0,14.0,5.0,2.0,0.0,0.0,12.0,2.0,1.0,79.0,0.0
2020-02-26,0.0,28.0,9.0,20.0,29.0,8.0,3.0,0.0,0.0,14.0,3.0,2.0,62.0,0.0
2020-02-27,0.0,25.0,9.0,33.0,15.0,5.0,7.0,0.0,0.0,13.0,3.0,1.0,77.0,0.0
2020-02-28,0.0,21.0,7.0,31.0,13.0,4.0,6.0,0.0,0.0,20.0,4.0,0.0,74.0,0.0
2020-02-29,1.0,32.0,6.0,19.0,8.0,5.0,4.0,0.0,0.0,12.0,4.0,0.0,72.0,0.0
2020-03-01,0.0,27.0,9.0,29.0,10.0,6.0,8.0,0.0,0.0,18.0,1.0,1.0,83.0,0.0
2020-03-02,1.0,22.0,8.0,18.0,19.0,6.0,3.0,0.0,0.0,15.0,3.0,4.0,63.0,0.0
2020-03-03,0.0,24.0,16.0,35.0,22.0,3.0,4.0,0.0,0.0,10.0,3.0,0.0,81.0,0.0
2020-03-04,0.0,25.0,9.0,21.0,21.0,3.0,6.0,0.0,0.0,15.0,1.0,0.0,88.0,0.0
2020-03-05,0.0,22.0,11.0,29.0,17.0,8.0,10.0,0.0,0.0,13.0,2.0,0.0,73.0,0.0
2020-03-06,1.0,30.0,9.0,22.0,16.0,4.0,3.0,0.0,0.0,12.0,4.0,0.0,82.0,0.0
2020-03-07,0.0,26.0,7.0,15.0,18.0,3.0,5.0,0.0,0.0,17.0,1.0,1.0,74.0,0.0
2020-03-08,0.0,19.0,10.0,20.0,14.0,7.0,2.0,0.0,0.0,16.0,0.0,0.0,68.0,0.0
2020-03-09,1.0,23.0,12.0,14.0,17.0,3.0,4.0,0.0,0.0,16.0,2.0,2.0,73.0,0.0
2020-03-10,0.0,29.0,12.0,18.0,11.0,5.0,5.0,0.0,0.0,12.0,1.0,1.0,78.0,0.0
2020-03-11,0.0,29.0,12.0,26.0,18.0,7.0,3.0,0.0,0.0,15.0,3.0,2.0,78.0,0.0
2020-03-12,0.0,41.0,12.0,30.0,16.0,9.0,8.0,0.0,0.0,15.0,3.0,0.0,87.0,0.0
2020-03-13,0.0,37.0,9.0,25.0,20.0,8.0,4.0,0.0,0.0,12.0,2.0,0.0,78.0,0.0
2020-03-14,0.0,36.0,10.0,24.0,15.0,4.0,3.0,0.0,0.0,24.0,4.0,2.0,78.0,0.0
2020-03-15,0.0,38.0,8.0,26.0,21.0,6.0,8.0,0.0,0.0,19.0,6.0,1.0,93.0,0.0
2020-03-16,1.0,26.0,13.0,25.0,28.0,5.0,6.0,0.0,0.0,14.0,0.0,0.0,64.0,0.0
2020-03-17,1.0,49.0,8.0,24.0,19.0,3.0,3.0,0.0,0.0,17.0,1.0,1.0,70.0,0.0
2020-03-18,0.0,31.0,12.0,25.0,22.0,4.0,5.0,0.0,0.0,15.0,2.0,2.0,68.0,1.0
2020-03-19,0.0,31.0,10.0,22.0,20.0,4.0,5.0,0.0,0.0,16.0,0.0,2.0,70.0,0.0
2020-03-20,1.0,27.0,11.0,13.0,14.0,9.0,4.0,0.0,0.0,17.0,3.0,3.0,78.0,0.0
2020-03-21,2.0,35.0,12.0,25.0,14.0,9.0,2.0,0.0,0.0,17.0,1.0,3.0,64.0,1.0
2020-03-22,2.0,24.0,17.0,28.0,17.0,8.0,5.0,0.0,0.0,9.0,2.0,2.0,73.0,0.0
2020-03-23,0.0,27.0,15.0,22.0,12.0,2.0,4.0,0.0,0.0,11.0,2.0,2.0,69.0,0.0
2020-03-24,1.0,24.0,10.0,20.0,16.0,8.0,4.0,0.0,0.0,24.0,1.0,3.0,77.0,0.0
2020-03-25,0.0,42.0,17.0,19.0,20.0,3.0,3.0,0.0,0.0,9.0,4.0,1.0,60.0,0.0
2020-03-26,1.0,34.0,9.0,19.0,18.0,8.0,7.0,0.0,0.0,9.0,3.0,1.0,80.0,0.0
2020-03-27,0.0,30.0,7.0,18.0,18.0,4.0,9.0,0.0,0.0,17.0,0.0,0.0,79.0,0.0
2020-03-28,1.0,19.0,15.0,16.0,14.0,4.0,4.0,0.0,0.0,16.0,2.0,1.0,71.0,0.0
2020-03-29,1.0,25.0,9.0,22.0,11.0,8.0,8.0,1.0,0.0,4.0,0.0,2.0,81.0,0.0
2020-03-30,5.0,26.0,10.0,10.0,26.0,6.0,7.0,0.0,0.0,12.0,0.0,2.0,85.0,2.0
2020-03-31,1.0,30.0,10.0,28.0,16.0,7.0,3.0,1.0,0.0,16.0,2.0,1.0,91.0,1.0
2020-04-01,1.0,20.0,15.0,17.0,20.0,7.0,4.0,0.0,0.0,11.0,3.0,0.0,69.0,1.0
2020-04-02,3.0,29.0,9.0,16.0,17.0,4.0,3.0,2.0,0.0,13.0,3.0,1.0,73.0,2.0
2020-04-03,0.0,27.0,10.0,14.0,16.0,10.0,3.0,0.0,0.0,11.0,2.0,1.0,69.0,5.0
2020-04-04,2.0,29.0,7.0,17.0,19.0,6.0,5.0,0.0,0.0,17.0,2.0,0.0,91.0,2.0
2020-04-05,0.0,30.0,24.0,17.0,16.0,7.0,6.0,1.0,0.0,15.0,2.0,1.0,59.0,6.0
2020-04-06,3.0,20.0,9.0,17.0,17.0,5.0,7.0,2.0,1.0,19.0,1.0,1.0,77.0,2.0
2020-04-07,1.0,18.0,18.0,18.0,22.0,4.0,3.0,6.0,0.0,9.0,1.0,3.0,68.0,4.0
2020-04-08,2.0,28.0,12.0,20.0,18.0,7.0,4.0,0.0,0.0,14.0,3.0,0.0,69.0,2.0
2020-04-09,0.0,21.0,8.0,19.0,8.0,3.0,10.0,1.0,0.0,19.0,2.0,1.0,69.0,0.0
2020-04-10,2.0,25.0,11.0,24.0,18.0,10.0,3.0,2.0,0.0,18.0,6.0,0.0,81.0,2.0
2020-04-11,1.0,29.0,18.0,14.0,12.0,9.0,3.0,0.0,1.0,18.0,2.0,0.0,70.0,3.0
2020-04-12,0.0,23.0,16.0,19.0,16.0,3.0,10.0,4.0,0.0,9.0,5.0,0.0,77.0,3.0
2020-04-13,1.0,12.0,7.0,21.0,17.0,5.0,4.0,2.0,0.0,16.0,1.0,1.0,81.0,4.0
2020-04-14,1.0,20.0,6.0,22.0,16.0,8.0,6.0,4.0,0.0,16.0,2.0,1.0,84.0,3.0
2020-04-15,1.0,25.0,8.0,23.0,19.0,14.0,1.0,1.0,0.0,17.0,2.0,1.0,72.0,2.0
2020-04-16,0.0,22.0,14.0,26.0,22.0,9.0,4.0,3.0,0.0,11.0,2.0,2.0,76.0,4.0
2020-04-17,0.0,15.0,11.0,17.0,15.0,1.0,4.0,3.0,0.0,14.0,5.0,2.0,63.0,3.0
2020-04-18,1.0,17.0,19.0,13.0,10.0,6.0,5.0,3.0,0.0,10.0,2.0,1.0,55.0,5.0
2020-04-19,2.0,24.0,14.0,22.0,17.0,3.0,1.0,2.0,0.0,11.0,3.0,0.0,80.0,5.0
2020-04-20,1.0,21.0,6.0,20.0,14.0,8.0,2.0,2.0,0.0,15.0,2.0,0.0,75.0,2.0
2020-04-21,0.0,25.0,13.0,18.0,18.0,7.0,3.0,3.0,0.0,12.0,4.0,0.0,67.0,5.0
2020-04-22,0.0,29.0,8.0,16.0,22.0,8.0,4.0,2.0,0.0,12.0,0.0,0.0,69.0,8.0
2020-04-23,0.0,15.0,6.0,19.0,16.0,8.0,3.0,3.0,0.0,6.0,1.0,1.0,63.0,12.0
2020-04-24,1.0,29.0,7.0,21.0,21.0,4.0,4.0,2.0,0.0,18.0,2.0,1.0,79.0,8.0
2020-04-25,1.0,20.0,6.0,8.0,19.0,8.0,2.0,4.0,1.0,13.0,7.0,1.0,67.0,4.0
2020-04-26,1.0,20.0,6.0,20.0,15.0,5.0,2.0,3.0,1.0,14.0,0.0,1.0,57.0,8.0
2020-04-27,5.0,24.0,15.0,22.0,19.0,2.0,6.0,2.0,1.0,11.0,1.0,0.0,74.0,14.0
2020-04-28,4.0,21.0,10.0,19.0,19.0,2.0,4.0,2.0,0.0,17.0,1.0,0.0,65.0,9.0
2020-04-29,2.0,23.0,10.0,24.0,21.0,5.0,5.0,2.0,1.0,11.0,4.0,0.0,76.0,5.0
2020-04-30,1.0,20.0,3.0,18.0,13.0,3.0,2.0,1.0,0.0,17.0,1.0,1.0,73.0,9.0
2020-05-01,2.0,22.0,9.0,22.0,7.0,4.0,4.0,2.0,0.0,18.0,3.0,1.0,60.0,9.0
2020-05-02,4.0,26.0,8.0,25.0,19.0,3.0,1.0,2.0,0.0,16.0,1.0,1.0,74.0,5.0
2020-05-03,0.0,13.0,14.0,13.0,19.0,10.0,8.0,2.0,0.0,10.0,0.0,0.0,64.0,12.0
2020-05-04,1.0,23.0,10.0,16.0,14.0,8.0,7.0,1.0,2.0,16.0,2.0,2.0,70.0,5.0
2020-05-05,4.0,24.0,7.0,16.0,18.0,9.0,3.0,2.0,1.0,12.0,0.0,3.0,56.0,8.0
2020-05-06,1.0,16.0,13.0,11.0,18.0,8.0,5.0,1.0,0.0,14.0,3.0,0.0,56.0,8.0
2020-05-07,1.0,17.0,6.0,26.0,20.0,9.0,5.0,3.0,0.0,14.0,0.0,1.0,88.0,3.0
2020-05-08,0.0,20.0,5.0,18.0,19.0,10.0,10.0,1.0,0.0,18.0,7.0,1.0,81.0,11.0
2020-05-09,1.0,20.0,7.0,27.0,16.0,9.0,2.0,0.0,0.0,9.0,0.0,3.0,89.0,10.0
2020-05-10,0.0,22.0,9.0,18.0,11.0,7.0,5.0,2.0,0.0,17.0,2.0,0.0,61.0,15.0
2020-05-11,0.0,14.0,15.0,19.0,16.0,2.0,5.0,1.0,0.0,11.0,3.0,2.0,64.0,9.0
2020-05-12,2.0,13.0,12.0,19.0,13.0,3.0,3.0,5.0,1.0,12.0,3.0,2.0,73.0,15.0
2020-05-13,3.0,22.0,14.0,18.0,8.0,5.0,7.0,3.0,1.0,17.0,1.0,1.0,73.0,6.0
2020-05-14,0.0,17.0,13.0,20.0,23.0,5.0,12.0,5.0,0.0,16.0,2.0,2.0,72.0,6.0
2020-05-15,0.0,11.0,12.0,17.0,17.0,11.0,6.0,1.0,0.0,17.0,3.0,1.0,88.0,10.0
2020-05-16,0.0,14.0,10.0,22.0,13.0,6.0,9.0,1.0,0.0,12.0,0.0,3.0,74.0,9.0
2020-05-17,1.0,25.0,8.0,19.0,16.0,13.0,3.0,5.0,0.0,15.0,1.0,1.0,68.0,10.0
2020-05-18,0.0,22.0,10.0,27.0,21.0,6.0,10.0,1.0,0.0,14.0,2.0,1.0,69.0,12.0
2020-05-19,2.0,27.0,14.0,19.0,18.0,2.0,4.0,6.0,0.0,8.0,0.0,0.0,62.0,13.0
2020-05-20,0.0,19.0,11.0,18.0,22.0,2.0,9.0,8.0,0.0,15.0,5.0,0.0,63.0,7.0
2020-05-21,1.0,13.0,9.0,17.0,23.0,6.0,6.0,4.0,0.0,14.0,1.0,2.0,66.0,12.0
2020-05-22,0.0,10.0,6.0,24.0,23.0,8.0,5.0,3.0,0.0,18.0,3.0,0.0,79.0,12.0
2020-05-23,2.0,12.0,10.0,14.0,15.0,6.0,3.0,4.0,1.0,16.0,4.0,2.0,54.0,10.0
2020-05-24,0.0,13.0,13.0,20.0,15.0,4.0,7.0,0.0,0.0,19.0,3.0,2.0,72.0,11.0
2020-05-25,0.0,16.0,15.0,21.0,19.0,3.0,10.0,7.0,0.0,12.0,3.0,3.0,71.0,8.0
2020-05-26,1.0,17.0,4.0,15.0,15.0,5.0,6.0,6.0,0.0,18.0,2.0,1.0,64.0,7.0
2020-05-27,2.0,19.0,16.0,21.0,20.0,5.0,7.0,3.0,1.0,21.0,3.0,0.0,71.0,15.0
2020-05-28,2.0,16.0,13.0,17.0,21.0,7.0,3.0,3.0,1.0,19.0,7.0,0.0,86.0,11.0
2020-05-29,0.0,26.0,9.0,22.0,15.0,8.0,6.0,2.0,1.0,19.0,1.0,3.0,70.0,17.0
2020-05-30,1.0,24.0,10.0,24.0,9.0,8.0,7.0,3.0,0.0,18.0,0.0,1.0,85.0,14.0
2020-05-31,1.0,18.0,5.0,20.0,22.0,5.0,7.0,4.0,0.0,15.0,2.0,0.0,95.0,13.0
2020-06-01,2.0,12.0,9.0,21.0,12.0,6.0,3.0,7.0,1.0,22.0,4.0,1.0,66.0,20.0
2020-06-02,3.0,13.0,15.0,19.0,14.0,3.0,10.0,5.0,2.0,20.0,2.0,0.0,76.0,15.0
2020-06-03,1.0,20.0,14.0,22.0,17.0,6.0,5.0,3.0,1.0,25.0,2.0,3.0,85.0,15.0
2020-06-04,2.0,23.0,10.0,13.0,16.0,10.0,7.0,6.0,1.0,13.0,4.0,3.0,94.0,13.0
2020-06-05,2.0,20.0,6.0,7.0,15.0,2.0,5.0,10.0,0.0,9.0,1.0,2.0,69.0,14.0
2020-06-06,0.0,12.0,11.0,24.0,16.0,11.0,1.0,3.0,0.0,24.0,2.0,1.0,85.0,11.0
2020-06-07,1.0,15.0,12.0,30.0,16.0,12.0,4.0,7.0,0.0,24.0,2.0,2.0,77.0,16.0
2020-06-08,0.0,28.0,8.0,22.0,13.0,4.0,8.0,7.0,0.0,15.0,3.0,1.0,83.0,15.0
2020-06-09,4.0,23.0,3.0,27.0,22.0,2.0,5.0,9.0,1.0,11.0,2.0,4.0,67.0,16.0
2020-06-10,1.0,22.0,10.0,21.0,24.0,6.0,6.0,6.0,1.0,24.0,1.0,1.0,83.0,18.0
2020-06-11,2.0,20.0,13.0,19.0,18.0,4.0,5.0,3.0,0.0,17.0,3.0,1.0,83.0,16.0
2020-06-12,3.0,27.0,12.0,23.0,25.0,3.0,6.0,11.0,0.0,16.0,3.0,0.0,92.0,25.0
2020-06-13,3.0,19.0,16.0,21.0,29.0,6.0,4.0,5.0,0.0,15.0,2.0,3.0,62.0,15.0
2020-06-14,0.0,21.0,8.0,19.0,18.0,3.0,0.0,7.0,1.0,18.0,4.0,1.0,68.0,17.0
2020-06-15,3.0,15.0,8.0,17.0,16.0,5.0,3.0,6.0,0.0,7.0,1.0,0.0,75.0,18.0
2020-06-16,1.0,24.0,2.0,20.0,15.0,7.0,10.0,9.0,3.0,15.0,2.0,1.0,67.0,21.0
2020-06-17,2.0,19.0,7.0,24.0,22.0,7.0,8.0,5.0,1.0,13.0,3.0,3.0,73.0,16.0
2020-06-18,0.0,13.0,14.0,19.0,15.0,2.0,4.0,6.0,1.0,19.0,0.0,2.0,87.0,18.0
2020-06-19,0.0,22.0,15.0,22.0,11.0,10.0,3.0,5.0,0.0,9.0,1.0,0.0,74.0,26.0
2020-06-20,0.0,22.0,13.0,14.0,21.0,6.0,5.0,10.0,0.0,17.0,3.0,1.0,79.0,25.0
2020-06-21,1.0,10.0,4.0,18.0,10.0,9.0,6.0,5.0,0.0,16.0,6.0,2.0,80.0,21.0
2020-06-22,0.0,21.0,7.0,9.0,19.0,5.0,3.0,15.0,2.0,12.0,1.0,1.0,65.0,23.0
2020-06-23,0.0,16.0,7.0,17.0,15.0,5.0,4.0,6.0,0.0,23.0,2.0,2.0,78.0,21.0
2020-06-24,2.0,15.0,11.0,21.0,10.0,11.0,2.0,7.0,0.0,10.0,2.0,2.0,81.0,20.0
2020-06-25,0.0,14.0,9.0,22.0,20.0,7.0,5.0,11.0,1.0,11.0,5.0,1.0,75.0,20.0
2020-06-26,0.0,11.0,11.0,14.0,16.0,5.0,3.0,16.0,3.0,21.0,2.0,3.0,87.0,28.0
2020-06-27,2.0,15.0,12.0,19.0,15.0,6.0,4.0,10.0,0.0,13.0,2.0,1.0,70.0,29.0
2020-06-28,1.0,14.0,10.0,21.0,18.0,8.0,1.0,12.0,1.0,22.0,4.0,1.0,83.0,34.0
2020-06-29,2.0,25.0,10.0,12.0,10.0,6.0,11.0,10.0,2.0,16.0,5.0,2.0,73.0,20.0
2020-06-30,2.0,17.0,10.0,14.0,17.0,9.0,8.0,14.0,1.0,9.0,5.0,0.0,58.0,29.0
2020-07-01,1.0,18.0,16.0,25.0,19.0,7.0,5.0,16.0,3.0,12.0,4.0,0.0,75.0,20.0
2020-07-02,2.0,16.0,17.0,17.0,19.0,7.0,5.0,12.0,0.0,17.0,2.0,1.0,86.0,35.0
2020-07-03,1.0,15.0,13.0,17.0,17.0,3.0,4.0,14.0,4.0,14.0,1.0,1.0,110.0,35.0
2020-07-04,1.0,19.0,13.0,24.0,9.0,8.0,3.0,18.0,1.0,17.0,7.0,0.0,95.0,27.0
2020-07-05,3.0,17.0,19.0,24.0,23.0,9.0,11.0,20.0,2.0,18.0,5.0,2.0,85.0,33.0
2020-07-06,2.0,26.0,2.0,20.0,21.0,6.0,6.0,11.0,3.0,13.0,2.0,1.0,80.0,24.0
2020-07-07,2.0,18.0,5.0,19.0,25.0,10.0,5.0,14.0,1.0,14.0,1.0,1.0,82.0,36.0
2020-07-08,1.0,22.0,8.0,13.0,18.0,8.0,6.0,14.0,0.0,15.0,1.0,1.0,73.0,22.0
2020-07-09,1.0,19.0,5.0,33.0,14.0,5.0,9.0,7.0,0.0,15.0,4.0,1.0,88.0,39.0
2020-07-10,0.0,18.0,11.0,18.0,12.0,9.0,4.0,10.0,1.0,26.0,4.0,2.0,86.0,30.0
2020-07-11,2.0,29.0,15.0,14.0,13.0,9.0,3.0,18.0,0.0,20.0,6.0,4.0,68.0,32.0
2020-07-12,1.0,19.0,11.0,20.0,20.0,6.0,7.0,11.0,1.0,15.0,3.0,3.0,86.0,39.0
2020-07-13,1.0,22.0,5.0,21.0,16.0,3.0,2.0,17.0,1.0,14.0,8.0,2.0,81.0,28.0
2020-07-14,1.0,19.0,9.0,15.0,20.0,9.0,4.0,14.0,3.0,17.0,5.0,0.0,65.0,27.0
2020-07-15,0.0,15.0,8.0,20.0,18.0,10.0,4.0,10.0,2.0,12.0,1.0,1.0,60.0,36.0
2020-07-16,0.0,17.0,9.0,13.0,16.0,8.0,6.0,10.0,3.0,17.0,3.0,1.0,73.0,33.0
2020-07-17,2.0,17.0,10.0,17.0,22.0,6.0,4.0,15.0,4.0,20.0,3.0,0.0,88.0,31.0
2020-07-18,1.0,12.0,7.0,24.0,21.0,7.0,4.0,12.0,2.0,22.0,2.0,1.0,89.0,38.0
2020-07-19,0.0,16.0,8.0,18.0,16.0,3.0,4.0,14.0,1.0,12.0,3.0,4.0,59.0,36.0
2020-07-20,1.0,22.0,9.0,17.0,15.0,5.0,6.0,18.0,2.0,15.0,4.0,1.0,72.0,43.0
2020-07-21,2.0,17.0,15.0,23.0,24.0,6.0,7.0,26.0,3.0,12.0,2.0,2.0,71.0,40.0
2020-07-22,0.0,23.0,6.0,21.0,17.0,7.0,4.0,21.0,2.0,12.0,2.0,2.0,69.0,30.0
2020-07-23,0.0,18.0,12.0,21.0,18.0,6.0,7.0,12.0,0.0,20.0,2.0,0.0,77.0,38.0
2020-07-24,1.0,15.0,11.0,17.0,18.0,5.0,3.0,10.0,2.0,16.0,3.0,2.0,75.0,37.0
2020-07-25,3.0,9.0,8.0,18.0,12.0,6.0,3.0,10.0,2.0,13.0,5.0,2.0,77.0,33.0
2020-07-26,2.0,14.0,11.0,16.0,24.0,4.0,10.0,18.0,1.0,10.0,1.0,2.0,66.0,37.0
2020-07-27,1.0,20.0,10.0,21.0,20.0,9.0,5.0,15.0,0.0,18.0,3.0,0.0,70.0,44.0
2020-07-28,2.0,16.0,9.0,11.0,18.0,7.0,5.0,11.0,2.0,5.0,2.0,0.0,66.0,37.0
2020-07-29,3.0,24.0,10.0,13.0,15.0,7.0,6.0,11.0,3.0,13.0,3.0,0.0,77.0,34.0
2020-07-30,0.0,22.0,10.0,24.0,20.0,8.0,6.0,13.0,1.0,17.0,2.0,2.0,66.0,44.0
2020-07-31,0.0,16.0,7.0,22.0,23.0,7.0,4.0,17.0,4.0,13.0,1.0,1.0,81.0,31.0
2020-08-01,2.0,14.0,13.0,17.0,18.0,5.0,1.0,16.0,2.0,12.0,0.0,1.0,82.0,35.0
2020-08-02,0.0,19.0,11.0,23.0,8.0,3.0,4.0,15.0,1.0,11.0,0.0,1.0,73.0,47.0
2020-08-03,6.0,16.0,9.0,24.0,16.0,10.0,3.0,14.0,3.0,24.0,6.0,1.0,70.0,40.0
2020-08-04,1.0,14.0,10.0,13.0,12.0,6.0,6.0,14.0,2.0,12.0,5.0,1.0,65.0,41.0
2020-08-05,0.0,19.0,11.0,25.0,21.0,7.0,5.0,11.0,5.0,14.0,5.0,0.0,72.0,37.0
2020-08-06,1.0,22.0,9.0,14.0,12.0,8.0,10.0,19.0,2.0,18.0,5.0,0.0,66.0,42.0
2020-08-07,0.0,20.0,14.0,14.0,13.0,5.0,6.0,26.0,2.0,12.0,2.0,0.0,78.0,31.0
2020-08-08,3.0,13.0,12.0,22.0,17.0,3.0,5.0,17.0,1.0,17.0,1.0,2.0,83.0,30.0
2020-08-09,0.0,14.0,4.0,16.0,18.0,2.0,1.0,22.0,1.0,14.0,0.0,1.0,81.0,32.0
2020-08-10,1.0,20.0,8.0,17.0,19.0,7.0,5.0,24.0,2.0,10.0,6.0,0.0,83.0,27.0
2020-08-11,1.0,19.0,5.0,14.0,13.0,7.0,6.0,8.0,4.0,19.0,0.0,1.0,70.0,38.0
2020-08-12,1.0,16.0,8.0,15.0,23.0,6.0,5.0,7.0,3.0,19.0,3.0,2.0,78.0,26.0
2020-08-13,3.0,15.0,7.0,19.0,17.0,7.0,3.0,9.0,1.0,9.0,3.0,0.0,82.0,38.0
2020-08-14,1.0,14.0,10.0,15.0,21.0,9.0,2.0,20.0,1.0,16.0,1.0,4.0,77.0,31.0
2020-08-15,0.0,20.0,8.0,15.0,10.0,3.0,4.0,10.0,2.0,20.0,2.0,1.0,70.0,27.0
2020-08-16,1.0,19.0,7.0,19.0,23.0,11.0,3.0,11.0,1.0,15.0,4.0,0.0,82.0,41.0
2020-08-17,0.0,21.0,5.0,17.0,17.0,6.0,5.0,14.0,0.0,9.0,1.0,1.0,84.0,24.0
2020-08-18,0.0,15.0,8.0,11.0,8.0,8.0,3.0,15.0,3.0,12.0,5.0,3.0,69.0,33.0
2020-08-19,1.0,20.0,13.0,20.0,11.0,7.0,5.0,22.0,0.0,19.0,1.0,4.0,86.0,39.0
2020-08-20,0.0,18.0,8.0,16.0,22.0,9.0,2.0,20.0,2.0,15.0,1.0,1.0,94.0,28.0
2020-08-21,1.0,18.0,7.0,17.0,20.0,11.0,4.0,14.0,2.0,13.0,2.0,3.0,76.0,33.0
2020-08-22,2.0,20.0,9.0,23.0,10.0,7.0,6.0,14.0,1.0,22.0,1.0,2.0,100.0,28.0
2020-08-23,1.0,28.0,5.0,27.0,17.0,11.0,4.0,19.0,3.0,16.0,4.0,2.0,81.0,34.0
2020-08-24,0.0,16.0,14.0,23.0,27.0,0.0,4.0,17.0,3.0,18.0,5.0,0.0,76.0,32.0
2020-08-25,3.0,29.0,8.0,18.0,15.0,4.0,10.0,10.0,1.0,15.0,1.0,2.0,71.0,40.0
2020-08-26,1.0,23.0,7.0,24.0,24.0,6.0,12.0,13.0,0.0,19.0,1.0,1.0,61.0,26.0
2020-08-27,1.0,27.0,13.0,26.0,18.0,8.0,4.0,15.0,3.0,16.0,4.0,0.0,83.0,38.0
2020-08-28,0.0,17.0,11.0,27.0,24.0,2.0,9.0,12.0,1.0,13.0,7.0,2.0,78.0,47.0
2020-08-29,1.0,19.0,10.0,17.0,25.0,5.0,3.0,13.0,1.0,24.0,0.0,0.0,80.0,44.0
2020-08-30,3.0,11.0,12.0,18.0,23.0,10.0,8.0,17.0,1.0,17.0,3.0,0.0,86.0,32.0
2020-08-31,2.0,21.0,11.0,23.0,20.0,6.0,6.0,17.0,3.0,9.0,1.0,0.0,70.0,38.0
2020-09-01,1.0,20.0,10.0,20.0,22.0,2.0,5.0,19.0,1.0,15.0,5.0,0.0,84.0,38.0
2020-09-02,3.0,14.0,8.0,27.0,10.0,5.0,5.0,18.0,5.0,16.0,3.0,1.0,67.0,24.0
2020-09-03,2.0,17.0,12.0,21.0,23.0,7.0,5.0,13.0,1.0,7.0,5.0,2.0,81.0,30.0
2020-09-04,2.0,15.0,10.0,14.0,20.0,11.0,0.0,8.0,1.0,17.0,7.0,2.0,81.0,27.0
2020-09-05,2.0,13.0,5.0,12.0,18.0,6.0,5.0,11.0,1.0,12.0,2.0,0.0,84.0,40.0
2020-09-06,1.0,17.0,10.0,22.0,13.0,1.0,3.0,12.0,2.0,10.0,1.0,0.0,71.0,36.0
2020-09-07,1.0,28.0,6.0,26.0,19.0,6.0,6.0,9.0,1.0,13.0,4.0,1.0,77.0,31.0
2020-09-08,2.0,19.0,7.0,20.0,16.0,4.0,4.0,10.0,2.0,14.0,0.0,2.0,66.0,26.0
2020-09-09,1.0,22.0,6.0,15.0,17.0,3.0,4.0,18.0,2.0,30.0,2.0,0.0,58.0,22.0
2020-09-10,2.0,16.0,10.0,18.0,20.0,7.0,2.0,20.0,1.0,10.0,1.0,3.0,85.0,25.0
2020-09-11,3.0,14.0,10.0,10.0,22.0,3.0,9.0,10.0,2.0,14.0,3.0,1.0,89.0,29.0
2020-09-12,2.0,20.0,13.0,22.0,11.0,10.0,5.0,10.0,0.0,12.0,2.0,3.0,81.0,22.0
2020-09-13,0.0,23.0,8.0,23.0,19.0,9.0,1.0,17.0,2.0,15.0,0.0,3.0,55.0,39.0
2020-09-14,2.0,17.0,15.0,12.0,12.0,4.0,3.0,9.0,0.0,14.0,1.0,0.0,55.0,26.0
2020-09-15,2.0,12.0,6.0,18.0,16.0,6.0,2.0,7.0,4.0,15.0,1.0,2.0,89.0,37.0
2020-09-16,2.0,30.0,5.0,14.0,11.0,2.0,3.0,16.0,3.0,18.0,4.0,0.0,69.0,25.0
2020-09-17,1.0,20.0,6.0,26.0,13.0,6.0,5.0,10.0,0.0,15.0,1.0,0.0,58.0,23.0
2020-09-18,2.0,23.0,13.0,17.0,14.0,8.0,6.0,14.0,2.0,19.0,5.0,1.0,70.0,28.0
2020-09-19,1.0,15.0,7.0,16.0,17.0,5.0,3.0,12.0,3.0,16.0,1.0,1.0,77.0,22.0
2020-09-20,0.0,18.0,9.0,20.0,17.0,8.0,4.0,7.0,1.0,19.0,2.0,1.0,71.0,39.0
2020-09-21,1.0,19.0,4.0,13.0,18.0,13.0,7.0,10.0,3.0,15.0,2.0,2.0,68.0,28.0
2020-09-22,1.0,14.0,9.0,13.0,16.0,11.0,2.0,8.0,1.0,15.0,4.0,1.0,66.0,25.0
2020-09-23,0.0,17.0,11.0,21.0,15.0,6.0,4.0,10.0,1.0,11.0,1.0,3.0,92.0,37.0
2020-09-24,0.0,21.0,6.0,28.0,20.0,10.0,6.0,13.0,3.0,10.0,2.0,0.0,80.0,37.0
2020-09-25,1.0,17.0,8.0,20.0,24.0,5.0,8.0,11.0,0.0,14.0,3.0,1.0,77.0,40.0
2020-09-26,2.0,22.0,11.0,23.0,19.0,2.0,3.0,8.0,2.0,14.0,3.0,1.0,70.0,28.0
2020-09-27,4.0,20.0,10.0,16.0,23.0,7.0,2.0,9.0,1.0,15.0,5.0,0.0,60.0,31.0
2020-09-28,1.0,20.0,9.0,21.0,19.0,3.0,7.0,13.0,0.0,16.0,5.0,1.0,65.0,28.0
2020-09-29,3.0,30.0,5.0,16.0,18.0,7.0,3.0,7.0,3.0,13.0,2.0,2.0,79.0,33.0
2020-09-30,1.0,22.0,5.0,23.0,19.0,5.0,12.0,9.0,1.0,13.0,1.0,3.0,78.0,25.0
2020-10-01,5.0,14.0,8.0,25.0,27.0,8.0,5.0,7.0,0.0,14.0,3.0,2.0,99.0,27.0
2020-10-02,1.0,26.0,8.0,15.0,18.0,9.0,8.0,11.0,2.0,20.0,2.0,1.0,80.0,35.0
2020-10-03,0.0,26.0,16.0,20.0,18.0,8.0,4.0,10.0,0.0,13.0,2.0,1.0,65.0,28.0
2020-10-04,2.0,18.0,10.0,12.0,13.0,8.0,5.0,8.0,2.0,18.0,1.0,0.0,93.0,23.0
2020-10-05,0.0,21.0,12.0,24.0,22.0,7.0,9.0,8.0,1.0,17.0,5.0,1.0,85.0,22.0
2020-10-06,0.0,22.0,11.0,20.0,19.0,5.0,4.0,9.0,1.0,13.0,4.0,2.0,78.0,19.0
2020-10-07,1.0,30.0,11.0,19.0,15.0,3.0,6.0,14.0,0.0,13.0,0.0,1.0,69.0,24.0
2020-10-08,1.0,20.0,5.0,26.0,25.0,6.0,6.0,5.0,1.0,12.0,2.0,1.0,76.0,19.0
2020-10-09,1.0,18.0,8.0,25.0,12.0,6.0,7.0,12.0,2.0,18.0,1.0,1.0,73.0,22.0
2020-10-10,4.0,32.0,7.0,20.0,16.0,5.0,3.0,16.0,1.0,10.0,1.0,1.0,79.0,16.0
2020-10-11,0.0,13.0,2.0,11.0,9.0,8.0,2.0,6.0,2.0,10.0,4.0,2.0,88.0,17.0
2020-10-12,2.0,21.0,7.0,17.0,19.0,3.0,12.0,12.0,0.0,15.0,2.0,0.0,62.0,29.0
2020-10-13,0.0,27.0,14.0,17.0,19.0,4.0,1.0,11.0,3.0,16.0,1.0,3.0,72.0,15.0
2020-10-14,3.0,16.0,9.0,22.0,17.0,4.0,6.0,8.0,0.0,15.0,1.0,1.0,61.0,16.0
2020-10-15,2.0,19.0,6.0,14.0,19.0,7.0,2.0,8.0,1.0,14.0,3.0,1.0,71.0,20.0
2020-10-16,1.0,15.0,5.0,29.0,11.0,9.0,10.0,15.0,1.0,21.0,1.0,0.0,79.0,10.0
2020-10-17,0.0,14.0,11.0,16.0,23.0,5.0,10.0,6.0,0.0,16.0,3.0,0.0,79.0,18.0
2020-10-18,1.0,20.0,20.0,20.0,12.0,8.0,11.0,3.0,0.0,13.0,4.0,1.0,58.0,15.0
2020-10-19,1.0,13.0,6.0,16.0,15.0,7.0,6.0,5.0,2.0,11.0,3.0,0.0,79.0,20.0
2020-10-20,0.0,17.0,14.0,17.0,15.0,10.0,6.0,3.0,3.0,10.0,0.0,0.0,64.0,21.0
2020-10-21,1.0,27.0,7.0,15.0,22.0,6.0,10.0,7.0,3.0,19.0,0.0,0.0,65.0,27.0
2020-10-22,0.0,30.0,8.0,25.0,19.0,7.0,3.0,6.0,0.0,17.0,2.0,1.0,66.0,15.0
2020-10-23,1.0,23.0,3.0,18.0,13.0,5.0,8.0,7.0,0.0,16.0,4.0,0.0,72.0,10.0
2020-10-24,1.0,18.0,3.0,19.0,8.0,6.0,2.0,11.0,1.0,10.0,6.0,3.0,81.0,16.0
2020-10-25,2.0,13.0,8.0,31.0,16.0,3.0,9.0,3.0,3.0,15.0,1.0,0.0,82.0,13.0
2020-10-26,3.0,22.0,9.0,17.0,16.0,3.0,6.0,11.0,1.0,21.0,2.0,2.0,65.0,11.0
2020-10-27,2.0,20.0,4.0,20.0,15.0,9.0,5.0,9.0,0.0,9.0,0.0,1.0,63.0,23.0
2020-10-28,0.0,23.0,6.0,8.0,15.0,5.0,5.0,10.0,1.0,12.0,4.0,1.0,75.0,22.0
2020-10-29,3.0,11.0,9.0,19.0,15.0,8.0,1.0,8.0,2.0,14.0,6.0,0.0,68.0,18.0
2020-10-30,2.0,23.0,8.0,14.0,18.0,5.0,5.0,6.0,1.0,13.0,6.0,0.0,65.0,18.0
2020-10-31,2.0,16.0,7.0,17.0,20.0,5.0,4.0,9.0,1.0,18.0,4.0,1.0,75.0,18.0
2020-11-01,1.0,18.0,8.0,12.0,13.0,6.0,5.0,3.0,2.0,14.0,0.0,2.0,65.0,23.0
2020-11-02,1.0,19.0,7.0,26.0,14.0,4.0,4.0,3.0,0.0,14.0,4.0,1.0,68.0,28.0
2020-11-03,0.0,19.0,7.0,23.0,14.0,8.0,4.0,5.0,2.0,15.0,2.0,0.0,62.0,19.0
2020-11-04,0.0,21.0,12.0,26.0,10.0,9.0,8.0,6.0,1.0,22.0,1.0,1.0,83.0,25.0
2020-11-05,0.0,13.0,10.0,23.0,18.0,2.0,8.0,9.0,0.0,12.0,0.0,0.0,82.0,25.0
2020-11-06,0.0,20.0,10.0,26.0,19.0,7.0,4.0,9.0,1.0,13.0,3.0,1.0,84.0,21.0
2020-11-07,0.0,15.0,15.0,22.0,23.0,9.0,6.0,6.0,0.0,6.0,5.0,1.0,91.0,18.0
2020-11-08,0.0,19.0,6.0,18.0,11.0,3.0,4.0,6.0,1.0,21.0,2.0,0.0,77.0,23.0
2020-11-09,1.0,11.0,13.0,30.0,19.0,8.0,3.0,4.0,1.0,12.0,1.0,2.0,76.0,19.0
2020-11-10,0.0,15.0,10.0,12.0,21.0,9.0,4.0,10.0,2.0,18.0,2.0,0.0,58.0,22.0
2020-11-11,0.0,22.0,10.0,27.0,19.0,5.0,5.0,6.0,1.0,20.0,6.0,2.0,62.0,16.0
2020-11-12,2.0,26.0,12.0,15.0,17.0,6.0,8.0,5.0,1.0,16.0,3.0,0.0,88.0,14.0
2020-11-13,1.0,19.0,10.0,16.0,22.0,9.0,6.0,11.0,0.0,17.0,4.0,0.0,71.0,15.0
2020-11-14,0.0,16.0,15.0,21.0,9.0,11.0,4.0,3.0,1.0,12.0,5.0,3.0,71.0,22.0
2020-11-15,1.0,14.0,6.0,27.0,20.0,9.0,11.0,13.0,4.0,12.0,0.0,3.0,68.0,35.0
2020-11-16,1.0,13.0,10.0,28.0,15.0,5.0,5.0,11.0,2.0,11.0,3.0,1.0,81.0,30.0
2020-11-17,0.0,16.0,12.0,25.0,16.0,6.0,6.0,9.0,2.0,9.0,3.0,0.0,67.0,26.0
2020-11-18,2.0,26.0,8.0,20.0,16.0,2.0,3.0,10.0,1.0,12.0,2.0,3.0,67.0,19.0
2020-11-19,1.0,22.0,11.0,23.0,17.0,5.0,4.0,10.0,1.0,14.0,2.0,1.0,73.0,32.0
2020-11-20,0.0,24.0,15.0,19.0,17.0,8.0,8.0,5.0,1.0,13.0,4.0,1.0,82.0,34.0
2020-11-21,3.0,18.0,17.0,18.0,25.0,8.0,5.0,10.0,1.0,14.0,1.0,0.0,74.0,31.0
2020-11-22,2.0,22.0,9.0,21.0,18.0,7.0,6.0,13.0,1.0,15.0,2.0,1.0,81.0,38.0
2020-11-23,0.0,17.0,16.0,26.0,23.0,7.0,4.0,13.0,2.0,13.0,2.0,2.0,99.0,35.0
2020-11-24,1.0,27.0,11.0,30.0,25.0,5.0,8.0,19.0,2.0,17.0,2.0,0.0,91.0,41.0
2020-11-25,1.0,15.0,8.0,19.0,13.0,10.0,3.0,12.0,3.0,20.0,3.0,2.0,83.0,37.0
2020-11-26,0.0,24.0,13.0,22.0,18.0,7.0,6.0,18.0,3.0,14.0,3.0,1.0,76.0,35.0
2020-11-27,0.0,14.0,7.0,21.0,14.0,9.0,7.0,11.0,2.0,16.0,1.0,1.0,76.0,57.0
2020-11-28,1.0,22.0,13.0,25.0,17.0,5.0,4.0,23.0,3.0,9.0,6.0,0.0,81.0,44.0
2020-11-29,3.0,16.0,6.0,21.0,22.0,8.0,8.0,18.0,1.0,9.0,2.0,2.0,76.0,38.0
2020-11-30,0.0,23.0,7.0,23.0,16.0,10.0,5.0,12.0,3.0,15.0,4.0,1.0,83.0,41.0
2020-12-01,0.0,19.0,9.0,16.0,15.0,7.0,0.0,31.0,3.0,14.0,1.0,3.0,80.0,52.0
2020-12-02,1.0,17.0,4.0,24.0,17.0,9.0,9.0,21.0,1.0,12.0,1.0,0.0,69.0,52.0
2020-12-03,2.0,11.0,8.0,19.0,19.0,3.0,3.0,16.0,1.0,14.0,3.0,0.0,85.0,49.0
2020-12-04,1.0,21.0,10.0,20.0,12.0,7.0,3.0,15.0,0.0,12.0,1.0,2.0,52.0,42.0
2020-12-05,0.0,23.0,10.0,11.0,15.0,5.0,3.0,18.0,3.0,15.0,3.0,0.0,68.0,37.0
2020-12-06,4.0,14.0,13.0,22.0,12.0,7.0,5.0,18.0,5.0,23.0,4.0,0.0,70.0,50.0
2020-12-07,2.0,27.0,11.0,21.0,14.0,6.0,3.0,26.0,1.0,12.0,4.0,2.0,73.0,44.0
2020-12-08,0.0,13.0,7.0,19.0,13.0,3.0,4.0,22.0,3.0,7.0,2.0,1.0,82.0,43.0
2020-12-09,1.0,19.0,8.0,26.0,17.0,6.0,3.0,25.0,3.0,9.0,7.0,1.0,67.0,68.0
2020-12-10,0.0,18.0,9.0,21.0,13.0,9.0,3.0,17.0,2.0,13.0,5.0,1.0,68.0,52.0
2020-12-11,1.0,22.0,13.0,22.0,13.0,6.0,5.0,18.0,1.0,13.0,8.0,1.0,73.0,66.0
2020-12-12,1.0,19.0,8.0,20.0,19.0,5.0,3.0,19.0,0.0,13.0,6.0,2.0,80.0,45.0
2020-12-13,1.0,21.0,8.0,17.0,16.0,8.0,5.0,26.0,1.0,16.0,2.0,2.0,75.0,56.0
2020-12-14,1.0,25.0,8.0,19.0,21.0,6.0,3.0,32.0,4.0,12.0,4.0,1.0,70.0,63.0
2020-12-15,1.0,17.0,9.0,18.0,16.0,7.0,3.0,22.0,2.0,20.0,1.0,1.0,55.0,55.0
2020-12-16,1.0,19.0,9.0,17.0,13.0,6.0,11.0,16.0,3.0,14.0,1.0,2.0,84.0,51.0
2020-12-17,1.0,20.0,3.0,17.0,17.0,6.0,6.0,14.0,1.0,14.0,4.0,0.0,71.0,58.0
2020-12-18,0.0,20.0,11.0,17.0,20.0,4.0,6.0,22.0,2.0,13.0,1.0,1.0,96.0,50.0
2020-12-19,2.0,16.0,5.0,15.0,16.0,8.0,2.0,24.0,1.0,9.0,1.0,0.0,91.0,64.0
2020-12-20,0.0,9.0,7.0,19.0,17.0,11.0,4.0,21.0,3.0,18.0,3.0,1.0,77.0,64.0
2020-12-21,1.0,24.0,10.0,15.0,15.0,7.0,3.0,23.0,2.0,15.0,0.0,1.0,73.0,42.0
2020-12-22,1.0,16.0,11.0,25.0,24.0,3.0,1.0,17.0,3.0,11.0,2.0,5.0,74.0,41.0
2020-12-23,3.0,10.0,7.0,18.0,15.0,6.0,2.0,20.0,5.0,17.0,1.0,0.0,79.0,44.0
2020-12-24,0.0,13.0,9.0,14.0,17.0,4.0,4.0,28.0,4.0,16.0,2.0,2.0,66.0,53.0
2020-12-25,4.0,21.0,5.0,21.0,22.0,5.0,6.0,16.0,3.0,10.0,3.0,0.0,81.0,55.0
2020-12-26,0.0,15.0,7.0,23.0,9.0,4.0,3.0,15.0,4.0,10.0,6.0,2.0,79.0,63.0
2020-12-27,0.0,15.0,6.0,16.0,20.0,8.0,4.0,26.0,1.0,18.0,6.0,1.0,74.0,51.0
2020-12-28,1.0,17.0,9.0,17.0,15.0,5.0,5.0,26.0,2.0,11.0,6.0,3.0,53.0,57.0
2020-12-29,0.0,17.0,9.0,19.0,14.0,8.0,2.0,18.0,6.0,13.0,8.0,1.0,85.0,51.0
2020-12-30,0.0,17.0,9.0,15.0,14.0,8.0,4.0,22.0,2.0,13.0,2.0,1.0,68.0,42.0
2021-01-01,2.0,20.0,8.0,20.0,17.0,7.0,2.0,20.0,2.0,11.0,2.0,2.0,82.0,41.0
2021-01-02,1.0,22.0,7.0,13.0,13.0,10.0,5.0,21.0,3.0,13.0,4.0,2.0,65.0,44.0
2021-01-03,0.0,28.0,12.0,25.0,19.0,5.0,6.0,15.0,1.0,17.0,2.0,1.0,74.0,48.0
2021-01-04,0.0,14.0,10.0,19.0,12.0,11.0,3.0,13.0,4.0,11.0,3.0,0.0,82.0,38.0
2021-01-05,0.0,15.0,13.0,17.0,16.0,2.0,4.0,25.0,2.0,16.0,4.0,1.0,71.0,50.0
2021-01-06,1.0,13.0,10.0,16.0,15.0,3.0,3.0,18.0,3.0,15.0,5.0,3.0,75.0,37.0
2021-01-07,0.0,20.0,13.0,18.0,9.0,8.0,3.0,20.0,1.0,11.0,2.0,2.0,80.0,43.0
2021-01-08,3.0,26.0,7.0,28.0,17.0,6.0,5.0,12.0,4.0,12.0,3.0,2.0,92.0,53.0
2021-01-09,0.0,13.0,11.0,33.0,12.0,6.0,2.0,27.0,1.0,18.0,2.0,1.0,77.0,46.0
2021-01-10,0.0,13.0,8.0,22.0,20.0,3.0,6.0,20.0,1.0,14.0,2.0,1.0,73.0,35.0
2021-01-11,1.0,18.0,12.0,11.0,18.0,5.0,7.0,21.0,4.0,14.0,3.0,1.0,88.0,42.0
2021-01-12,2.0,17.0,9.0,34.0,17.0,7.0,6.0,15.0,2.0,20.0,2.0,1.0,82.0,53.0
2021-01-13,0.0,18.0,9.0,27.0,13.0,4.0,5.0,19.0,3.0,12.0,3.0,0.0,69.0,47.0
2021-01-14,2.0,17.0,11.0,19.0,15.0,9.0,2.0,20.0,1.0,16.0,4.0,1.0,72.0,38.0
2021-01-15,1.0,18.0,13.0,23.0,11.0,8.0,9.0,13.0,1.0,13.0,4.0,1.0,57.0,38.0
2021-01-16,0.0,16.0,16.0,20.0,16.0,1.0,0.0,17.0,4.0,16.0,1.0,2.0,91.0,50.0
2021-01-17,1.0,18.0,18.0,18.0,16.0,11.0,6.0,13.0,1.0,12.0,3.0,0.0,64.0,43.0
2021-01-18,1.0,16.0,8.0,17.0,13.0,11.0,6.0,8.0,1.0,10.0,5.0,2.0,70.0,48.0
2021-01-19,0.0,13.0,9.0,18.0,21.0,7.0,7.0,22.0,1.0,11.0,1.0,1.0,53.0,57.0
2021-01-20,0.0,9.0,9.0,18.0,11.0,2.0,3.0,20.0,1.0,9.0,3.0,1.0,64.0,40.0
2021-01-21,1.0,16.0,8.0,22.0,12.0,8.0,4.0,14.0,1.0,11.0,2.0,0.0,77.0,50.0
2021-01-22,1.0,15.0,9.0,20.0,15.0,6.0,7.0,18.0,1.0,17.0,3.0,4.0,71.0,50.0
2021-01-23,2.0,26.0,12.0,18.0,16.0,8.0,8.0,24.0,3.0,8.0,6.0,0.0,78.0,37.0
2021-01-24,1.0,20.0,6.0,23.0,12.0,4.0,7.0,19.0,0.0,6.0,4.0,4.0,85.0,51.0
2021-01-25,1.0,18.0,10.0,20.0,16.0,4.0,5.0,22.0,3.0,13.0,3.0,1.0,71.0,43.0
2021-01-26,2.0,18.0,6.0,11.0,18.0,5.0,4.0,26.0,3.0,16.0,4.0,0.0,82.0,45.0
2021-01-27,1.0,11.0,10.0,16.0,11.0,4.0,8.0,12.0,4.0,22.0,3.0,0.0,81.0,51.0
2021-01-28,0.0,24.0,7.0,20.0,19.0,2.0,7.0,12.0,0.0,16.0,4.0,1.0,65.0,47.0
2021-01-29,1.0,24.0,13.0,17.0,16.0,5.0,8.0,15.0,3.0,10.0,3.0,2.0,63.0,43.0
2021-01-30,1.0,13.0,8.0,21.0,14.0,4.0,4.0,20.0,3.0,10.0,2.0,2.0,100.0,35.0
2021-01-31,1.0,20.0,6.0,21.0,9.0,3.0,8.0,21.0,3.0,24.0,2.0,5.0,71.0,39.0
2021-02-01,1.0,14.0,15.0,18.0,16.0,4.0,6.0,13.0,4.0,20.0,1.0,1.0,92.0,46.0
2021-02-02,0.0,21.0,12.0,26.0,17.0,8.0,8.0,17.0,3.0,16.0,3.0,0.0,77.0,35.0
2021-02-03,4.0,28.0,12.0,18.0,12.0,10.0,2.0,6.0,1.0,14.0,2.0,1.0,81.0,45.0
2021-02-04,1.0,21.0,8.0,18.0,12.0,5.0,4.0,13.0,2.0,19.0,4.0,5.0,85.0,50.0
2021-02-05,1.0,12.0,11.0,21.0,7.0,4.0,1.0,18.0,2.0,17.0,2.0,4.0,84.0,38.0
2021-02-06,2.0,21.0,8.0,17.0,21.0,8.0,2.0,18.0,2.0,13.0,3.0,0.0,72.0,39.0
2021-02-07,0.0,15.0,11.0,18.0,24.0,3.0,5.0,16.0,2.0,12.0,1.0,2.0,81.0,32.0
2021-02-08,2.0,18.0,7.0,34.0,19.0,9.0,5.0,21.0,1.0,14.0,1.0,0.0,66.0,47.0
2021-02-09,2.0,17.0,8.0,26.0,28.0,6.0,7.0,15.0,3.0,17.0,2.0,1.0,73.0,53.0
2021-02-10,1.0,19.0,12.0,23.0,12.0,9.0,5.0,19.0,0.0,12.0,4.0,0.0,81.0,41.0
2021-02-11,1.0,21.0,7.0,24.0,20.0,6.0,5.0,9.0,5.0,18.0,7.0,0.0,58.0,51.0
2021-02-12,0.0,22.0,6.0,14.0,15.0,4.0,4.0,13.0,2.0,20.0,1.0,3.0,70.0,50.0
2021-02-13,1.0,27.0,10.0,21.0,18.0,11.0,6.0,15.0,3.0,12.0,3.0,1.0,81.0,40.0
2021-02-14,3.0,21.0,8.0,18.0,7.0,6.0,7.0,15.0,4.0,19.0,3.0,3.0,80.0,41.0
2021-02-15,0.0,18.0,5.0,18.0,13.0,8.0,6.0,18.0,0.0,16.0,2.0,1.0,72.0,47.0
2021-02-16,1.0,25.0,8.0,24.0,7.0,5.0,6.0,20.0,1.0,11.0,2.0,1.0,72.0,49.0
2021-02-17,2.0,15.0,6.0,25.0,16.0,5.0,4.0,26.0,3.0,10.0,1.0,2.0,77.0,47.0
2021-02-18,2.0,15.0,13.0,27.0,25.0,5.0,6.0,16.0,5.0,13.0,2.0,1.0,72.0,47.0
2021-02-19,1.0,19.0,5.0,27.0,23.0,4.0,8.0,20.0,3.0,11.0,5.0,0.0,67.0,54.0
2021-02-20,1.0,18.0,7.0,19.0,13.0,9.0,4.0,24.0,1.0,12.0,3.0,2.0,92.0,36.0
2021-02-21,3.0,15.0,6.0,15.0,18.0,7.0,4.0,16.0,1.0,9.0,8.0,1.0,87.0,54.0
2021-02-22,1.0,28.0,9.0,24.0,16.0,5.0,6.0,24.0,1.0,18.0,2.0,1.0,91.0,57.0
2021-02-23,1.0,25.0,14.0,19.0,24.0,5.0,7.0,22.0,0.0,13.0,1.0,2.0,90.0,62.0
2021-02-24,0.0,20.0,8.0,17.0,19.0,8.0,1.0,27.0,4.0,15.0,2.0,0.0,68.0,48.0
2021-02-25,0.0,15.0,7.0,21.0,20.0,5.0,5.0,17.0,2.0,21.0,4.0,1.0,70.0,80.0
2021-02-26,1.0,17.0,11.0,20.0,25.0,5.0,2.0,36.0,1.0,18.0,1.0,0.0,100.0,75.0
2021-02-27,2.0,14.0,5.0,22.0,20.0,4.0,4.0,26.0,2.0,17.0,2.0,0.0,82.0,57.0
2021-02-28,1.0,20.0,9.0,17.0,17.0,6.0,3.0,27.0,4.0,14.0,6.0,0.0,79.0,89.0
2021-03-01,0.0,24.0,10.0,20.0,17.0,9.0,3.0,31.0,4.0,16.0,2.0,3.0,89.0,84.0
2021-03-02,3.0,17.0,12.0,16.0,25.0,6.0,5.0,30.0,2.0,13.0,3.0,3.0,76.0,88.0
2021-03-03,5.0,16.0,12.0,21.0,16.0,3.0,5.0,39.0,1.0,20.0,2.0,1.0,74.0,99.0
2021-03-04,0.0,19.0,11.0,14.0,18.0,3.0,6.0,32.0,1.0,13.0,3.0,0.0,61.0,113.0
2021-03-05,2.0,25.0,7.0,14.0,13.0,3.0,9.0,32.0,2.0,20.0,4.0,2.0,84.0,111.0
2021-03-06,5.0,20.0,9.0,20.0,13.0,7.0,6.0,47.0,3.0,15.0,1.0,0.0,94.0,88.0
2021-03-07,4.0,14.0,11.0,21.0,15.0,9.0,9.0,55.0,3.0,17.0,4.0,2.0,71.0,111.0
2021-03-08,0.0,17.0,8.0,23.0,17.0,6.0,9.0,45.0,4.0,12.0,5.0,0.0,88.0,115.0
2021-03-09,5.0,20.0,16.0,26.0,12.0,3.0,10.0,50.0,4.0,12.0,0.0,0.0,76.0,120.0
2021-03-10,0.0,22.0,9.0,31.0,17.0,8.0,0.0,37.0,9.0,14.0,4.0,0.0,83.0,152.0
2021-03-11,5.0,17.0,10.0,22.0,27.0,2.0,2.0,49.0,5.0,13.0,4.0,0.0,72.0,147.0
2021-03-12,6.0,18.0,17.0,26.0,24.0,7.0,3.0,55.0,5.0,14.0,7.0,4.0,96.0,132.0
2021-03-13,4.0,14.0,11.0,25.0,23.0,7.0,3.0,65.0,5.0,14.0,3.0,1.0,76.0,155.0
2021-03-14,4.0,23.0,8.0,23.0,16.0,10.0,2.0,53.0,5.0,7.0,4.0,1.0,94.0,164.0
2021-03-15,1.0,21.0,14.0,16.0,21.0,9.0,3.0,60.0,3.0,14.0,2.0,1.0,84.0,173.0
2021-03-16,4.0,15.0,7.0,29.0,21.0,8.0,4.0,66.0,2.0,12.0,1.0,0.0,83.0,161.0
2021-03-17,3.0,16.0,11.0,21.0,13.0,6.0,3.0,70.0,1.0,23.0,6.0,4.0,70.0,196.0
2021-03-18,1.0,17.0,9.0,22.0,21.0,9.0,3.0,55.0,5.0,8.0,4.0,1.0,77.0,162.0
2021-03-19,1.0,20.0,15.0,26.0,19.0,5.0,7.0,66.0,2.0,10.0,6.0,1.0,78.0,165.0
2021-03-20,0.0,23.0,9.0,18.0,16.0,5.0,6.0,72.0,7.0,13.0,7.0,0.0,70.0,181.0
2021-03-21,2.0,17.0,15.0,24.0,17.0,7.0,7.0,73.0,5.0,16.0,5.0,2.0,78.0,177.0
2021-03-22,1.0,15.0,10.0,18.0,14.0,9.0,3.0,80.0,3.0,12.0,4.0,1.0,67.0,181.0
2021-03-23,3.0,22.0,7.0,17.0,19.0,14.0,1.0,48.0,3.0,16.0,1.0,1.0,70.0,165.0
2021-03-24,2.0,21.0,10.0,17.0,20.0,9.0,4.0,63.0,9.0,15.0,3.0,1.0,84.0,161.0
2021-03-25,4.0,16.0,10.0,24.0,16.0,9.0,3.0,46.0,3.0,19.0,5.0,2.0,85.0,170.0
2021-03-26,3.0,25.0,15.0,21.0,15.0,6.0,2.0,74.0,4.0,17.0,1.0,1.0,74.0,144.0
2021-03-27,2.0,16.0,13.0,11.0,13.0,5.0,2.0,66.0,4.0,13.0,1.0,0.0,82.0,153.0
2021-03-28,4.0,19.0,15.0,21.0,12.0,12.0,4.0,64.0,4.0,12.0,2.0,4.0,89.0,153.0
2021-03-29,4.0,14.0,13.0,30.0,26.0,4.0,7.0,66.0,3.0,20.0,7.0,1.0,81.0,169.0
2021-03-30,5.0,15.0,7.0,19.0,19.0,7.0,7.0,64.0,5.0,11.0,4.0,1.0,75.0,144.0
2021-03-31,0.0,23.0,9.0,18.0,18.0,7.0,3.0,62.0,2.0,10.0,3.0,0.0,77.0,123.0
2021-04-01,2.0,19.0,8.0,21.0,17.0,9.0,3.0,46.0,4.0,12.0,2.0,0.0,85.0,137.0
2021-04-02,1.0,20.0,15.0,21.0,11.0,12.0,4.0,48.0,1.0,5.0,7.0,4.0,85.0,125.0
2021-04-03,1.0,17.0,9.0,23.0,12.0,9.0,4.0,56.0,4.0,19.0,7.0,1.0,82.0,111.0
2021-04-04,2.0,7.0,11.0,19.0,18.0,5.0,5.0,46.0,5.0,12.0,2.0,1.0,57.0,136.0
2021-04-05,3.0,25.0,8.0,21.0,12.0,11.0,0.0,50.0,4.0,12.0,6.0,2.0,63.0,139.0
2021-04-06,1.0,19.0,13.0,18.0,14.0,8.0,3.0,54.0,2.0,16.0,5.0,2.0,67.0,145.0
2021-04-07,0.0,13.0,10.0,19.0,20.0,10.0,6.0,46.0,1.0,17.0,3.0,1.0,73.0,110.0
2021-04-08,4.0,12.0,9.0,13.0,14.0,15.0,3.0,54.0,3.0,14.0,2.0,0.0,76.0,98.0
2021-04-09,1.0,22.0,7.0,11.0,9.0,9.0,3.0,54.0,3.0,12.0,1.0,3.0,85.0,132.0
2021-04-10,0.0,19.0,9.0,14.0,14.0,4.0,5.0,50.0,4.0,14.0,4.0,1.0,81.0,128.0
2021-04-11,2.0,20.0,12.0,18.0,23.0,12.0,2.0,51.0,6.0,19.0,4.0,1.0,83.0,106.0
2021-04-12,6.0,27.0,11.0,13.0,15.0,14.0,6.0,47.0,1.0,12.0,4.0,3.0,63.0,120.0
2021-04-13,2.0,20.0,9.0,21.0,17.0,6.0,8.0,49.0,1.0,19.0,2.0,1.0,75.0,110.0
2021-04-14,4.0,15.0,15.0,13.0,14.0,4.0,8.0,45.0,2.0,10.0,3.0,0.0,53.0,100.0
2021-04-15,1.0,16.0,17.0,20.0,15.0,2.0,7.0,46.0,5.0,15.0,2.0,1.0,82.0,113.0
2021-04-16,3.0,17.0,13.0,13.0,15.0,7.0,2.0,37.0,6.0,16.0,3.0,1.0,73.0,85.0
2021-04-17,3.0,10.0,8.0,12.0,11.0,9.0,6.0,49.0,5.0,15.0,3.0,1.0,94.0,108.0
2021-04-18,3.0,18.0,9.0,18.0,20.0,6.0,2.0,43.0,2.0,21.0,2.0,0.0,86.0,93.0
2021-04-19,1.0,19.0,11.0,27.0,16.0,8.0,3.0,52.0,1.0,24.0,4.0,2.0,75.0,83.0
2021-04-20,2.0,17.0,12.0,24.0,21.0,2.0,6.0,30.0,5.0,14.0,3.0,2.0,82.0,84.0
2021-04-21,2.0,17.0,10.0,25.0,14.0,10.0,4.0,40.0,4.0,16.0,3.0,1.0,77.0,90.0
2021-04-22,1.0,14.0,11.0,17.0,15.0,6.0,5.0,29.0,2.0,6.0,3.0,1.0,103.0,90.0
2021-04-23,3.0,12.0,12.0,18.0,15.0,3.0,6.0,36.0,4.0,22.0,2.0,3.0,63.0,113.0
2021-04-24,0.0,14.0,13.0,20.0,12.0,8.0,3.0,39.0,3.0,19.0,2.0,3.0,80.0,83.0
2021-04-25,6.0,19.0,10.0,21.0,20.0,7.0,4.0,31.0,2.0,17.0,0.0,2.0,75.0,89.0
2021-04-26,2.0,16.0,11.0,19.0,25.0,8.0,6.0,43.0,2.0,21.0,4.0,0.0,72.0,76.0
2021-04-27,2.0,8.0,10.0,15.0,22.0,4.0,3.0,33.0,3.0,16.0,3.0,2.0,75.0,76.0
2021-04-28,2.0,18.0,12.0,31.0,17.0,11.0,2.0,37.0,2.0,17.0,6.0,3.0,87.0,84.0
2021-04-29,0.0,9.0,6.0,16.0,13.0,6.0,5.0,42.0,4.0,18.0,2.0,1.0,90.0,82.0
2021-04-30,0.0,27.0,11.0,19.0,13.0,3.0,10.0,38.0,3.0,18.0,5.0,1.0,64.0,101.0
2021-05-01,1.0,20.0,11.0,21.0,17.0,3.0,6.0,30.0,6.0,12.0,1.0,0.0,79.0,83.0
2021-05-02,1.0,18.0,13.0,18.0,14.0,7.0,1.0,34.0,4.0,18.0,6.0,1.0,83.0,96.0
2021-05-03,3.0,14.0,11.0,16.0,17.0,9.0,11.0,32.0,2.0,12.0,0.0,1.0,70.0,111.0
2021-05-04,2.0,22.0,14.0,25.0,20.0,7.0,5.0,48.0,1.0,14.0,2.0,0.0,77.0,114.0
2021-05-05,1.0,29.0,10.0,25.0,16.0,7.0,6.0,26.0,1.0,14.0,3.0,2.0,96.0,87.0
2021-05-06,3.0,16.0,11.0,20.0,17.0,8.0,7.0,39.0,6.0,15.0,5.0,4.0,85.0,82.0
2021-05-07,2.0,17.0,13.0,22.0,25.0,7.0,4.0,38.0,2.0,19.0,3.0,2.0,66.0,99.0
2021-05-08,3.0,16.0,13.0,17.0,13.0,10.0,5.0,37.0,4.0,19.0,3.0,2.0,83.0,85.0
2021-05-09,3.0,18.0,12.0,22.0,18.0,10.0,4.0,45.0,4.0,12.0,6.0,3.0,78.0,75.0
2021-05-10,1.0,21.0,12.0,25.0,17.0,8.0,5.0,26.0,4.0,19.0,3.0,2.0,70.0,86.0
2021-05-11,3.0,9.0,14.0,19.0,24.0,6.0,5.0,26.0,3.0,20.0,0.0,5.0,76.0,89.0
2021-05-12,2.0,17.0,8.0,18.0,15.0,7.0,4.0,34.0,1.0,12.0,7.0,0.0,70.0,94.0
2021-05-13,4.0,13.0,12.0,19.0,18.0,6.0,4.0,44.0,3.0,17.0,3.0,2.0,83.0,92.0
2021-05-14,0.0,19.0,12.0,25.0,20.0,10.0,5.0,29.0,1.0,9.0,5.0,2.0,82.0,77.0
2021-05-15,1.0,12.0,7.0,24.0,11.0,6.0,13.0,37.0,1.0,17.0,6.0,0.0,86.0,91.0
2021-05-16,2.0,23.0,10.0,24.0,19.0,13.0,7.0,49.0,1.0,18.0,6.0,2.0,86.0,99.0
2021-05-17,1.0,17.0,10.0,25.0,23.0,9.0,9.0,45.0,5.0,15.0,3.0,0.0,85.0,102.0
2021-05-18,1.0,21.0,7.0,24.0,15.0,6.0,7.0,47.0,2.0,15.0,2.0,2.0,87.0,96.0
2021-05-19,1.0,14.0,11.0,15.0,15.0,13.0,6.0,47.0,3.0,6.0,5.0,1.0,64.0,106.0
2021-05-20,2.0,16.0,11.0,16.0,16.0,6.0,7.0,53.0,3.0,15.0,2.0,2.0,82.0,97.0
2021-05-21,5.0,18.0,20.0,16.0,17.0,10.0,7.0,40.0,3.0,17.0,2.0,2.0,87.0,112.0
2021-05-22,1.0,18.0,9.0,27.0,16.0,7.0,5.0,52.0,4.0,12.0,2.0,1.0,95.0,113.0
2021-05-23,3.0,21.0,11.0,16.0,18.0,8.0,6.0,45.0,2.0,16.0,3.0,1.0,66.0,111.0
2021-05-24,2.0,20.0,17.0,22.0,16.0,11.0,8.0,37.0,2.0,15.0,7.0,3.0,75.0,115.0
2021-05-25,4.0,18.0,8.0,16.0,26.0,12.0,3.0,49.0,6.0,16.0,5.0,0.0,75.0,114.0
2021-05-26,2.0,18.0,10.0,25.0,23.0,9.0,12.0,56.0,2.0,18.0,5.0,1.0,81.0,119.0
2021-05-27,2.0,14.0,15.0,14.0,23.0,8.0,4.0,55.0,3.0,11.0,5.0,2.0,84.0,127.0
2021-05-28,2.0,20.0,14.0,25.0,26.0,12.0,7.0,65.0,3.0,12.0,4.0,1.0,86.0,129.0
2021-05-29,3.0,19.0,9.0,31.0,15.0,6.0,9.0,56.0,5.0,14.0,3.0,1.0,90.0,149.0
2021-05-30,0.0,14.0,14.0,14.0,16.0,10.0,9.0,65.0,3.0,18.0,4.0,3.0,79.0,146.0
2021-05-31,3.0,24.0,8.0,17.0,16.0,13.0,1.0,59.0,3.0,18.0,4.0,0.0,96.0,148.0
2021-06-01,1.0,8.0,10.0,12.0,18.0,11.0,8.0,46.0,1.0,13.0,3.0,2.0,79.0,94.0
2021-06-02,1.0,15.0,8.0,14.0,21.0,10.0,5.0,65.0,3.0,16.0,1.0,1.0,70.0,119.0
2021-06-03,2.0,15.0,9.0,19.0,18.0,7.0,6.0,69.0,4.0,21.0,4.0,2.0,86.0,140.0
2021-06-04,2.0,21.0,4.0,19.0,19.0,9.0,4.0,55.0,6.0,19.0,5.0,0.0,76.0,151.0
2021-06-05,3.0,20.0,7.0,20.0,22.0,10.0,4.0,58.0,5.0,15.0,3.0,5.0,97.0,124.0
2021-06-06,1.0,20.0,9.0,15.0,15.0,12.0,6.0,54.0,5.0,14.0,8.0,1.0,70.0,146.0
2021-06-07,1.0,19.0,14.0,22.0,14.0,7.0,6.0,44.0,2.0,13.0,1.0,3.0,74.0,136.0
2021-06-08,1.0,28.0,12.0,20.0,27.0,5.0,4.0,40.0,4.0,19.0,8.0,1.0,60.0,134.0
2021-06-09,3.0,10.0,11.0,9.0,14.0,9.0,8.0,70.0,3.0,22.0,5.0,1.0,70.0,117.0
2021-06-10,0.0,18.0,12.0,15.0,18.0,8.0,5.0,56.0,4.0,14.0,3.0,3.0,84.0,137.0
2021-06-11,1.0,15.0,9.0,19.0,19.0,7.0,5.0,48.0,6.0,17.0,1.0,3.0,76.0,121.0
2021-06-12,2.0,17.0,7.0,17.0,19.0,4.0,4.0,35.0,5.0,18.0,2.0,2.0,79.0,94.0
2021-06-13,2.0,16.0,9.0,13.0,18.0,12.0,2.0,54.0,2.0,17.0,6.0,1.0,86.0,130.0
2021-06-14,0.0,17.0,11.0,15.0,14.0,10.0,3.0,51.0,0.0,21.0,3.0,2.0,88.0,117.0
2021-06-15,3.0,21.0,14.0,13.0,27.0,8.0,4.0,48.0,7.0,17.0,3.0,2.0,103.0,124.0
2021-06-16,0.0,22.0,6.0,34.0,17.0,14.0,7.0,46.0,4.0,24.0,2.0,1.0,86.0,127.0
2021-06-17,0.0,16.0,10.0,18.0,17.0,7.0,8.0,54.0,2.0,15.0,3.0,4.0,82.0,113.0
2021-06-18,5.0,14.0,5.0,19.0,23.0,8.0,3.0,57.0,3.0,13.0,2.0,1.0,69.0,112.0
2021-06-19,4.0,17.0,12.0,17.0,23.0,9.0,4.0,52.0,3.0,30.0,7.0,4.0,97.0,114.0
2021-06-20,1.0,15.0,3.0,27.0,17.0,10.0,5.0,50.0,1.0,11.0,7.0,3.0,86.0,103.0
2021-06-21,4.0,18.0,16.0,18.0,17.0,3.0,5.0,50.0,3.0,12.0,6.0,2.0,93.0,102.0
2021-06-22,0.0,15.0,6.0,15.0,21.0,16.0,14.0,55.0,4.0,15.0,4.0,1.0,81.0,99.0
2021-06-23,0.0,26.0,8.0,20.0,28.0,10.0,8.0,48.0,3.0,13.0,3.0,1.0,83.0,90.0
2021-06-24,3.0,25.0,14.0,19.0,24.0,8.0,7.0,36.0,2.0,17.0,4.0,1.0,95.0,114.0
2021-06-25,4.0,22.0,10.0,28.0,20.0,8.0,5.0,39.0,6.0,15.0,7.0,0.0,90.0,109.0
2021-06-26,1.0,23.0,6.0,23.0,17.0,10.0,8.0,41.0,3.0,16.0,1.0,1.0,84.0,89.0
2021-06-27,3.0,14.0,9.0,22.0,17.0,6.0,5.0,37.0,2.0,17.0,1.0,6.0,68.0,93.0
2021-06-28,2.0,13.0,9.0,19.0,19.0,12.0,5.0,44.0,0.0,16.0,6.0,0.0,74.0,64.0
2021-06-29,0.0,16.0,11.0,23.0,21.0,13.0,5.0,40.0,2.0,21.0,2.0,0.0,95.0,77.0
2021-06-30,5.0,16.0,13.0,20.0,16.0,17.0,7.0,39.0,0.0,22.0,11.0,2.0,102.0,90.0
2021-07-01,0.0,20.0,9.0,22.0,15.0,9.0,5.0,28.0,1.0,21.0,2.0,0.0,104.0,102.0
2021-07-02,1.0,20.0,10.0,23.0,30.0,15.0,5.0,44.0,4.0,22.0,6.0,1.0,93.0,83.0
2021-07-03,0.0,22.0,14.0,17.0,17.0,12.0,5.0,31.0,2.0,22.0,7.0,2.0,87.0,65.0
2021-07-04,2.0,19.0,14.0,22.0,19.0,18.0,8.0,21.0,4.0,24.0,4.0,2.0,87.0,88.0
2021-07-05,1.0,27.0,11.0,23.0,18.0,11.0,9.0,31.0,3.0,21.0,6.0,3.0,101.0,88.0
2021-07-06,1.0,15.0,16.0,19.0,17.0,9.0,7.0,41.0,2.0,15.0,8.0,1.0,99.0,73.0
2021-07-07,2.0,23.0,11.0,22.0,22.0,11.0,8.0,30.0,0.0,13.0,3.0,2.0,74.0,71.0
2021-07-08,2.0,30.0,12.0,29.0,18.0,4.0,8.0,30.0,1.0,14.0,5.0,5.0,98.0,59.0
2021-07-09,1.0,23.0,11.0,24.0,24.0,8.0,4.0,32.0,4.0,20.0,3.0,2.0,100.0,64.0
2021-07-10,3.0,19.0,14.0,24.0,24.0,4.0,8.0,18.0,2.0,16.0,1.0,2.0,86.0,41.0
2021-07-11,4.0,26.0,9.0,24.0,15.0,10.0,6.0,24.0,3.0,12.0,0.0,3.0,76.0,55.0
2021-07-12,1.0,25.0,18.0,23.0,17.0,9.0,8.0,21.0,2.0,14.0,2.0,4.0,79.0,79.0
2021-07-13,0.0,28.0,11.0,27.0,19.0,9.0,10.0,22.0,3.0,13.0,1.0,1.0,90.0,61.0
2021-07-14,1.0,23.0,11.0,28.0,17.0,10.0,8.0,27.0,2.0,20.0,4.0,2.0,94.0,67.0
2021-07-15,2.0,28.0,8.0,21.0,26.0,9.0,7.0,22.0,1.0,16.0,4.0,3.0,98.0,54.0
2021-07-16,1.0,19.0,15.0,26.0,17.0,7.0,4.0,21.0,3.0,17.0,4.0,2.0,88.0,56.0
2021-07-17,0.0,23.0,8.0,11.0,25.0,7.0,5.0,21.0,0.0,15.0,7.0,0.0,80.0,49.0
2021-07-18,0.0,26.0,11.0,23.0,16.0,10.0,4.0,13.0,4.0,14.0,3.0,0.0,82.0,33.0
2021-07-19,1.0,16.0,11.0,21.0,12.0,14.0,7.0,22.0,1.0,16.0,4.0,1.0,81.0,41.0
2021-07-20,0.0,20.0,7.0,28.0,16.0,3.0,8.0,23.0,1.0,20.0,6.0,0.0,83.0,47.0
2021-07-21,0.0,23.0,5.0,16.0,19.0,11.0,10.0,17.0,2.0,22.0,1.0,0.0,97.0,54.0
2021-07-22,1.0,17.0,9.0,26.0,17.0,10.0,12.0,17.0,3.0,15.0,3.0,1.0,91.0,46.0
2021-07-23,2.0,31.0,7.0,32.0,24.0,7.0,6.0,19.0,1.0,19.0,4.0,2.0,91.0,52.0
2021-07-24,3.0,26.0,11.0,22.0,22.0,9.0,9.0,18.0,2.0,18.0,4.0,1.0,83.0,52.0
2021-07-25,2.0,23.0,6.0,33.0,15.0,8.0,5.0,15.0,3.0,19.0,4.0,2.0,79.0,31.0
2021-07-26,1.0,23.0,13.0,18.0,25.0,12.0,10.0,21.0,0.0,10.0,2.0,1.0,68.0,45.0
2021-07-27,2.0,27.0,7.0,32.0,17.0,12.0,7.0,15.0,1.0,20.0,3.0,1.0,83.0,40.0
2021-07-28,1.0,20.0,10.0,18.0,15.0,7.0,5.0,16.0,2.0,23.0,7.0,3.0,69.0,40.0
2021-07-29,2.0,22.0,15.0,16.0,18.0,7.0,10.0,13.0,2.0,22.0,7.0,0.0,104.0,41.0
2021-07-30,1.0,27.0,19.0,28.0,21.0,17.0,1.0,13.0,0.0,13.0,4.0,1.0,99.0,50.0
2021-07-31,1.0,21.0,10.0,24.0,25.0,20.0,4.0,18.0,1.0,17.0,6.0,1.0,101.0,43.0
2021-08-01,1.0,38.0,12.0,27.0,21.0,16.0,9.0,20.0,3.0,22.0,4.0,3.0,95.0,37.0
2021-08-02,1.0,25.0,15.0,15.0,22.0,9.0,8.0,16.0,2.0,21.0,3.0,1.0,83.0,39.0
2021-08-03,0.0,24.0,13.0,24.0,18.0,10.0,8.0,4.0,0.0,21.0,5.0,3.0,94.0,39.0
2021-08-04,1.0,18.0,8.0,24.0,23.0,10.0,10.0,12.0,3.0,16.0,2.0,1.0,86.0,31.0
2021-08-05,0.0,21.0,11.0,15.0,20.0,9.0,5.0,16.0,3.0,24.0,4.0,2.0,85.0,23.0
2021-08-06,0.0,22.0,8.0,29.0,23.0,13.0,6.0,7.0,2.0,20.0,4.0,0.0,80.0,27.0
2021-08-07,2.0,20.0,17.0,16.0,13.0,12.0,3.0,14.0,2.0,16.0,5.0,3.0,91.0,26.0
2021-08-08,1.0,23.0,15.0,23.0,26.0,9.0,10.0,15.0,0.0,17.0,2.0,6.0,79.0,34.0
2021-08-09,3.0,24.0,12.0,21.0,23.0,8.0,7.0,14.0,3.0,14.0,4.0,1.0,90.0,47.0
2021-08-10,1.0,39.0,17.0,17.0,14.0,8.0,4.0,8.0,3.0,8.0,3.0,1.0,77.0,39.0
2021-08-11,0.0,26.0,10.0,19.0,24.0,4.0,5.0,12.0,2.0,15.0,4.0,1.0,73.0,35.0
2021-08-12,1.0,24.0,2.0,26.0,19.0,4.0,3.0,15.0,3.0,20.0,3.0,1.0,101.0,25.0
2021-08-13,1.0,22.0,9.0,33.0,18.0,4.0,5.0,15.0,2.0,12.0,5.0,0.0,77.0,29.0
2021-08-14,1.0,19.0,13.0,31.0,16.0,6.0,11.0,14.0,0.0,14.0,3.0,1.0,81.0,34.0
2021-08-15,0.0,19.0,7.0,26.0,15.0,9.0,5.0,17.0,2.0,12.0,5.0,3.0,97.0,42.0
2021-08-16,2.0,24.0,12.0,26.0,22.0,11.0,7.0,11.0,2.0,15.0,3.0,1.0,69.0,31.0
2021-08-17,2.0,35.0,7.0,25.0,16.0,8.0,8.0,13.0,1.0,13.0,6.0,2.0,70.0,39.0
2021-08-18,3.0,30.0,10.0,21.0,18.0,4.0,9.0,19.0,1.0,13.0,4.0,2.0,92.0,31.0
2021-08-19,0.0,31.0,8.0,20.0,17.0,7.0,9.0,15.0,2.0,10.0,7.0,2.0,78.0,35.0
2021-08-20,1.0,27.0,11.0,26.0,27.0,6.0,6.0,13.0,2.0,16.0,4.0,2.0,93.0,30.0
2021-08-21,2.0,30.0,15.0,26.0,26.0,9.0,9.0,11.0,1.0,21.0,3.0,1.0,70.0,38.0
2021-08-22,0.0,19.0,6.0,24.0,14.0,6.0,3.0,9.0,2.0,10.0,2.0,2.0,70.0,42.0
2021-08-23,0.0,33.0,11.0,23.0,21.0,8.0,9.0,15.0,0.0,15.0,3.0,1.0,76.0,41.0
2021-08-24,3.0,23.0,9.0,20.0,25.0,9.0,5.0,14.0,1.0,10.0,7.0,0.0,87.0,39.0
2021-08-25,0.0,20.0,12.0,22.0,16.0,8.0,11.0,10.0,1.0,6.0,2.0,1.0,76.0,52.0
2021-08-26,1.0,24.0,15.0,15.0,19.0,6.0,7.0,11.0,0.0,18.0,3.0,2.0,66.0,46.0
2021-08-27,2.0,20.0,5.0,16.0,17.0,6.0,8.0,10.0,2.0,17.0,5.0,1.0,69.0,36.0
2021-08-28,1.0,15.0,7.0,19.0,16.0,6.0,2.0,15.0,4.0,19.0,4.0,0.0,66.0,27.0
2021-08-29,1.0,20.0,5.0,18.0,16.0,5.0,9.0,11.0,1.0,19.0,3.0,1.0,74.0,38.0
2021-08-30,0.0,29.0,14.0,21.0,16.0,6.0,3.0,7.0,4.0,11.0,2.0,0.0,66.0,30.0
2021-08-31,2.0,25.0,8.0,24.0,10.0,4.0,4.0,13.0,2.0,8.0,1.0,0.0,68.0,33.0
2021-09-01,0.0,28.0,7.0,20.0,15.0,10.0,3.0,16.0,1.0,11.0,4.0,2.0,62.0,23.0
2021-09-02,2.0,19.0,9.0,19.0,16.0,12.0,7.0,13.0,1.0,9.0,0.0,1.0,69.0,40.0
2021-09-03,1.0,22.0,6.0,19.0,20.0,8.0,8.0,18.0,3.0,16.0,2.0,3.0,64.0,44.0
2021-09-04,1.0,22.0,9.0,21.0,17.0,8.0,3.0,10.0,5.0,12.0,4.0,1.0,79.0,45.0
2021-09-05,1.0,18.0,13.0,20.0,17.0,9.0,3.0,13.0,0.0,27.0,6.0,1.0,73.0,37.0
2021-09-06,1.0,21.0,12.0,23.0,19.0,5.0,8.0,11.0,0.0,13.0,7.0,2.0,82.0,33.0
2021-09-07,6.0,20.0,8.0,34.0,13.0,5.0,11.0,23.0,2.0,9.0,3.0,0.0,52.0,30.0
2021-09-08,0.0,19.0,6.0,16.0,21.0,6.0,7.0,10.0,5.0,19.0,3.0,1.0,69.0,37.0
2021-09-09,2.0,23.0,7.0,21.0,18.0,3.0,11.0,9.0,4.0,15.0,2.0,2.0,71.0,35.0
2021-09-10,1.0,22.0,16.0,24.0,13.0,7.0,5.0,14.0,4.0,13.0,5.0,1.0,79.0,33.0
2021-09-11,0.0,18.0,5.0,31.0,14.0,9.0,5.0,8.0,1.0,14.0,3.0,1.0,93.0,31.0
2021-09-12,0.0,22.0,12.0,25.0,18.0,9.0,4.0,8.0,1.0,15.0,3.0,0.0,64.0,29.0
2021-09-13,1.0,20.0,9.0,13.0,24.0,6.0,5.0,17.0,0.0,13.0,2.0,0.0,86.0,37.0
2021-09-14,3.0,18.0,8.0,26.0,19.0,4.0,7.0,13.0,2.0,14.0,2.0,1.0,79.0,37.0
2021-09-15,3.0,23.0,9.0,26.0,13.0,7.0,5.0,6.0,0.0,9.0,4.0,1.0,57.0,35.0
2021-09-16,2.0,15.0,8.0,18.0,13.0,8.0,7.0,8.0,2.0,15.0,3.0,0.0,67.0,35.0
2021-09-17,0.0,14.0,8.0,24.0,12.0,7.0,2.0,10.0,2.0,24.0,2.0,1.0,79.0,24.0
2021-09-18,1.0,23.0,10.0,25.0,16.0,11.0,3.0,16.0,0.0,16.0,2.0,1.0,73.0,32.0
2021-09-19,0.0,13.0,15.0,26.0,16.0,9.0,2.0,13.0,4.0,12.0,2.0,4.0,72.0,33.0
2021-09-20,1.0,20.0,7.0,23.0,16.0,5.0,5.0,13.0,2.0,18.0,3.0,1.0,70.0,34.0
2021-09-21,0.0,23.0,8.0,25.0,19.0,7.0,4.0,7.0,2.0,13.0,3.0,1.0,67.0,35.0
2021-09-22,0.0,20.0,2.0,19.0,15.0,7.0,9.0,9.0,2.0,14.0,1.0,0.0,71.0,37.0
2021-09-23,2.0,19.0,5.0,12.0,11.0,7.0,1.0,9.0,1.0,11.0,5.0,2.0,67.0,24.0
2021-09-24,1.0,17.0,7.0,27.0,12.0,6.0,6.0,7.0,0.0,11.0,2.0,1.0,56.0,34.0
2021-09-25,0.0,22.0,5.0,16.0,12.0,6.0,1.0,7.0,1.0,12.0,2.0,0.0,65.0,24.0
2021-09-26,1.0,18.0,9.0,16.0,10.0,5.0,10.0,11.0,2.0,17.0,2.0,1.0,66.0,34.0
2021-09-27,1.0,13.0,9.0,19.0,9.0,8.0,1.0,7.0,0.0,11.0,1.0,2.0,71.0,30.0
2021-09-28,0.0,18.0,11.0,21.0,10.0,6.0,4.0,5.0,1.0,10.0,3.0,2.0,53.0,30.0
2021-09-29,0.0,15.0,8.0,21.0,10.0,2.0,4.0,4.0,1.0,10.0,3.0,1.0,46.0,30.0
2021-09-30,1.0,12.0,6.0,11.0,10.0,4.0,3.0,7.0,3.0,14.0,0.0,1.0,44.0,22.0
2021-10-01,0.0,10.0,5.0,13.0,14.0,6.0,2.0,6.0,1.0,6.0,1.0,1.0,41.0,15.0
2021-10-02,1.0,8.0,7.0,8.0,11.0,2.0,2.0,5.0,0.0,9.0,2.0,0.0,42.0,17.0
2021-10-03,2.0,7.0,9.0,13.0,11.0,4.0,1.0,3.0,1.0,15.0,0.0,0.0,24.0,8.0
2021-10-04,1.0,1.0,0.0,7.0,5.0,1.0,4.0,0.0,0.0,2.0,0.0,0.0,11.0,3.0
2021-10-05,0.0,0.0,0.0,0.0,0.0,0.0,0.0,0.0,0.0,2.0,0.0,0.0,1.0,0.0
2021-10-06,0.0,0.0,0.0,0.0,0.0,0.0,0.0,0.0,0.0,0.0,0.0,0.0,0.0,0.0
2021-10-07,0.0,0.0,0.0,0.0,0.0,0.0,0.0,0.0,0.0,0.0,0.0,0.0,0.0,0.0
2021-10-08,0.0,0.0,0.0,0.0,0.0,0.0,0.0,0.0,0.0,0.0,0.0,0.0,0.0,0.0
2021-10-09,0.0,0.0,0.0,0.0,0.0,0.0,0.0,0.0,0.0,0.0,0.0,0.0,0.0,0.0
2021-10-10,0.0,0.0,0.0,0.0,0.0,0.0,0.0,0.0,0.0,0.0,0.0,0.0,0.0,0.0
2021-10-11,0.0,0.0,0.0,0.0,0.0,0.0,0.0,0.0,0.0,0.0,0.0,0.0,0.0,0.0
2021-10-12,0.0,0.0,0.0,0.0,0.0,0.0,0.0,0.0,0.0,0.0,0.0,0.0,0.0,0.0
2021-10-13,0.0,0.0,0.0,0.0,0.0,0.0,0.0,0.0,0.0,0.0,0.0,0.0,0.0,0.0
2021-10-14,0.0,0.0,0.0,0.0,0.0,0.0,0.0,0.0,0.0,0.0,0.0,0.0,0.0,0.0
2021-10-15,0.0,0.0,0.0,0.0,0.0,0.0,0.0,0.0,0.0,0.0,0.0,0.0,0.0,0.0
2021-10-16,0.0,0.0,0.0,0.0,0.0,0.0,0.0,0.0,0.0,0.0,0.0,0.0,0.0,0.0
2021-10-17,0.0,0.0,0.0,0.0,0.0,0.0,0.0,0.0,0.0,0.0,0.0,0.0,0.0,0.0
2021-10-18,0.0,0.0,0.0,0.0,0.0,0.0,0.0,0.0,0.0,0.0,0.0,0.0,0.0,0.0
2021-10-19,0.0,0.0,0.0,0.0,0.0,0.0,0.0,0.0,0.0,0.0,0.0,0.0,0.0,0.0
2021-10-20,0.0,0.0,0.0,0.0,0.0,0.0,0.0,0.0,0.0,0.0,0.0,0.0,0.0,0.0
2021-10-21,0.0,0.0,0.0,0.0,0.0,0.0,0.0,0.0,0.0,0.0,0.0,0.0,0.0,0.0
2021-10-22,0.0,0.0,0.0,0.0,0.0,0.0,0.0,0.0,0.0,0.0,0.0,0.0,0.0,0.0
2021-10-23,0.0,0.0,0.0,0.0,0.0,0.0,0.0,0.0,0.0,0.0,0.0,0.0,0.0,0.0
2021-10-24,0.0,0.0,0.0,0.0,0.0,0.0,0.0,0.0,0.0,0.0,0.0,0.0,0.0,0.0
2021-10-25,0.0,0.0,0.0,0.0,0.0,0.0,0.0,0.0,0.0,0.0,0.0,0.0,0.0,0.0
2021-10-26,0.0,0.0,0.0,0.0,0.0,0.0,0.0,0.0,0.0,0.0,0.0,0.0,0.0,0.0
2021-10-27,0.0,0.0,0.0,0.0,0.0,0.0,0.0,0.0,0.0,0.0,0.0,0.0,0.0,0.0
2021-10-28,0.0,0.0,0.0,0.0,0.0,0.0,0.0,0.0,0.0,0.0,0.0,0.0,0.0,0.0
2021-10-29,0.0,0.0,0.0,0.0,0.0,0.0,0.0,0.0,0.0,0.0,0.0,0.0,0.0,0.0
2021-10-30,0.0,0.0,0.0,0.0,0.0,0.0,0.0,0.0,0.0,0.0,0.0,0.0,0.0,0.0
2021-10-31,0.0,0.0,0.0,0.0,0.0,0.0,0.0,0.0,0.0,0.0,0.0,0.0,0.0,0.0
2021-11-01,0.0,0.0,0.0,0.0,0.0,0.0,0.0,0.0,0.0,0.0,0.0,0.0,0.0,0.0
2021-11-02,0.0,0.0,0.0,0.0,0.0,0.0,0.0,0.0,0.0,0.0,0.0,0.0,0.0,0.0
2021-11-03,0.0,0.0,0.0,0.0,0.0,0.0,0.0,0.0,0.0,0.0,0.0,0.0,0.0,0.0
2021-11-04,0.0,0.0,0.0,0.0,0.0,0.0,0.0,0.0,0.0,0.0,0.0,0.0,0.0,0.0
2021-11-05,0.0,0.0,0.0,0.0,0.0,0.0,0.0,0.0,0.0,0.0,0.0,0.0,0.0,0.0
2021-11-06,0.0,0.0,0.0,0.0,0.0,0.0,0.0,0.0,0.0,0.0,0.0,0.0,0.0,0.0
2021-11-07,0.0,0.0,0.0,0.0,0.0,0.0,0.0,0.0,0.0,0.0,0.0,0.0,0.0,0.0
2021-11-08,0.0,0.0,0.0,0.0,0.0,0.0,0.0,0.0,0.0,0.0,0.0,0.0,0.0,0.0
2021-11-09,0.0,0.0,0.0,0.0,0.0,0.0,0.0,0.0,0.0,0.0,0.0,0.0,0.0,0.0
2021-11-10,0.0,0.0,0.0,0.0,0.0,0.0,0.0,0.0,0.0,0.0,0.0,0.0,0.0,0.0
2021-11-11,0.0,0.0,0.0,0.0,0.0,0.0,0.0,0.0,0.0,0.0,0.0,0.0,0.0,0.0
2021-11-12,0.0,0.0,0.0,0.0,0.0,0.0,0.0,0.0,0.0,0.0,0.0,0.0,0.0,0.0
2021-11-13,0.0,0.0,0.0,0.0,0.0,0.0,0.0,0.0,0.0,0.0,0.0,0.0,0.0,0.0
2021-11-14,0.0,0.0,0.0,0.0,0.0,0.0,0.0,0.0,0.0,0.0,0.0,0.0,0.0,0.0
2021-11-15,0.0,0.0,0.0,0.0,0.0,0.0,0.0,0.0,0.0,0.0,0.0,0.0,0.0,0.0
2021-11-16,0.0,0.0,0.0,0.0,0.0,0.0,0.0,0.0,0.0,0.0,0.0,0.0,0.0,0.0
2021-11-17,0.0,0.0,0.0,0.0,0.0,0.0,0.0,0.0,0.0,0.0,0.0,0.0,0.0,0.0
2021-11-18,0.0,0.0,0.0,0.0,0.0,0.0,0.0,0.0,0.0,0.0,0.0,0.0,0.0,0.0
2021-11-19,0.0,0.0,0.0,0.0,0.0,0.0,0.0,0.0,0.0,0.0,0.0,0.0,0.0,0.0
2021-11-20,0.0,0.0,0.0,0.0,0.0,0.0,0.0,0.0,0.0,0.0,0.0,0.0,0.0,0.0
2021-11-21,0.0,0.0,0.0,0.0,0.0,0.0,0.0,0.0,0.0,0.0,0.0,0.0,0.0,0.0
2021-11-22,0.0,0.0,0.0,0.0,0.0,0.0,0.0,0.0,0.0,0.0,0.0,0.0,0.0,0.0
2021-11-23,0.0,0.0,0.0,0.0,0.0,0.0,0.0,0.0,0.0,0.0,0.0,0.0,0.0,0.0
2021-11-24,0.0,0.0,0.0,0.0,0.0,0.0,0.0,0.0,0.0,0.0,0.0,0.0,0.0,0.0
2021-11-25,0.0,0.0,0.0,0.0,0.0,0.0,0.0,0.0,0.0,0.0,0.0,0.0,0.0,0.0
2021-11-26,0.0,0.0,0.0,0.0,0.0,0.0,0.0,0.0,0.0,0.0,0.0,0.0,0.0,0.0
2021-11-27,0.0,0.0,0.0,0.0,0.0,0.0,0.0,0.0,0.0,0.0,0.0,0.0,0.0,0.0
2021-11-28,0.0,0.0,0.0,0.0,0.0,0.0,0.0,0.0,0.0,0.0,0.0,0.0,0.0,0.0
2021-11-29,0.0,0.0,0.0,0.0,0.0,0.0,0.0,0.0,0.0,0.0,0.0,0.0,0.0,0.0
2021-11-30,0.0,0.0,0.0,0.0,0.0,0.0,0.0,0.0,0.0,0.0,0.0,0.0,0.0,0.0
2021-12-01,0.0,0.0,0.0,0.0,0.0,0.0,0.0,0.0,0.0,0.0,0.0,0.0,0.0,0.0
2021-12-02,0.0,0.0,0.0,0.0,0.0,0.0,0.0,0.0,0.0,0.0,0.0,0.0,0.0,0.0
2021-12-03,0.0,0.0,0.0,0.0,0.0,0.0,0.0,0.0,0.0,0.0,0.0,0.0,0.0,0.0
2021-12-04,0.0,0.0,0.0,0.0,0.0,0.0,0.0,0.0,0.0,0.0,0.0,0.0,0.0,0.0
2021-12-05,0.0,0.0,0.0,0.0,0.0,0.0,0.0,0.0,0.0,0.0,0.0,0.0,0.0,0.0
2021-12-06,0.0,0.0,0.0,0.0,0.0,0.0,0.0,0.0,0.0,0.0,0.0,0.0,0.0,0.0
2021-12-07,0.0,0.0,0.0,0.0,0.0,0.0,0.0,0.0,0.0,0.0,0.0,0.0,0.0,0.0
2021-12-08,0.0,0.0,0.0,0.0,0.0,0.0,0.0,0.0,0.0,0.0,0.0,0.0,0.0,0.0
2021-12-09,0.0,0.0,0.0,0.0,0.0,0.0,0.0,0.0,0.0,0.0,0.0,0.0,0.0,0.0
2021-12-10,0.0,0.0,0.0,0.0,0.0,0.0,0.0,0.0,0.0,0.0,0.0,0.0,0.0,0.0
2021-12-11,0.0,0.0,0.0,0.0,0.0,0.0,0.0,0.0,0.0,0.0,0.0,0.0,0.0,0.0
2021-12-12,0.0,0.0,0.0,0.0,0.0,0.0,0.0,0.0,0.0,0.0,0.0,0.0,0.0,0.0
2021-12-13,0.0,0.0,0.0,0.0,0.0,0.0,0.0,0.0,0.0,0.0,0.0,0.0,0.0,0.0
2021-12-14,0.0,0.0,0.0,0.0,0.0,0.0,0.0,0.0,0.0,0.0,0.0,0.0,0.0,0.0
2021-12-15,0.0,0.0,0.0,0.0,0.0,0.0,0.0,0.0,0.0,0.0,0.0,0.0,0.0,0.0
2021-12-16,0.0,0.0,0.0,0.0,0.0,0.0,0.0,0.0,0.0,0.0,0.0,0.0,0.0,0.0
2021-12-17,0.0,0.0,0.0,0.0,0.0,0.0,0.0,0.0,0.0,0.0,0.0,0.0,0.0,0.0
2021-12-18,0.0,0.0,0.0,0.0,0.0,0.0,0.0,0.0,0.0,0.0,0.0,0.0,0.0,0.0
2021-12-19,0.0,0.0,0.0,0.0,0.0,0.0,0.0,0.0,0.0,0.0,0.0,0.0,0.0,0.0
2021-12-20,0.0,0.0,0.0,0.0,0.0,0.0,0.0,0.0,0.0,0.0,0.0,0.0,0.0,0.0
2021-12-21,0.0,0.0,0.0,0.0,0.0,0.0,0.0,0.0,0.0,0.0,0.0,0.0,0.0,0.0
2021-12-22,0.0,0.0,0.0,0.0,0.0,0.0,0.0,0.0,0.0,0.0,0.0,0.0,0.0,0.0
2021-12-23,0.0,0.0,0.0,0.0,0.0,0.0,0.0,0.0,0.0,0.0,0.0,0.0,0.0,0.0
2021-12-24,0.0,0.0,0.0,0.0,0.0,0.0,0.0,0.0,0.0,0.0,0.0,0.0,0.0,0.0
2021-12-25,0.0,0.0,0.0,0.0,0.0,0.0,0.0,0.0,0.0,0.0,0.0,0.0,0.0,0.0
2021-12-26,0.0,0.0,0.0,0.0,0.0,0.0,0.0,0.0,0.0,0.0,0.0,0.0,0.0,0.0
2021-12-27,0.0,0.0,0.0,0.0,0.0,0.0,0.0,0.0,0.0,0.0,0.0,0.0,0.0,0.0
2021-12-28,0.0,0.0,0.0,0.0,0.0,0.0,0.0,0.0,0.0,0.0,0.0,0.0,0.0,0.0
2021-12-29,0.0,0.0,0.0,0.0,0.0,0.0,0.0,0.0,0.0,0.0,0.0,0.0,0.0,0.0
2021-12-30,0.0,0.0,0.0,0.0,0.0,0.0,0.0,0.0,0.0,0.0,0.0,0.0,0.0,0.0
2021-12-31,0.0,0.0,0.0,0.0,0.0,0.0,0.0,0.0,0.0,0.0,0.0,0.0,0.0,0.0
